#Release 10.1 - par K.31 (nt)
#Copyright (c) 1995-2008 Xilinx, Inc.  All rights reserved.

#Fri Jan 23 12:32:46 2026

#
## NOTE: This file is designed to be imported into a spreadsheet program
# such as Microsoft Excel for viewing, printing and sorting. The |
# character is used as the data field separator. This file is also designed
# to support parsing.
#
#INPUT FILE:       alu32b_map.ncd
#OUTPUT FILE:      alu32b_pad.csv
#PART TYPE:        xc2vp30
#SPEED GRADE:      -6
#PACKAGE:          ff896
#
# Pinout by Pin Number:
# 
# -----,-----,-----,-----,-----,-----,-----,-----,-----,-----,-----,-----,-----,-----,-----,-----,
Pin Number,Signal Name,Pin Usage,Pin Name,Direction,IO Standard,IO Bank Number,Drive (mA),Slew Rate,Termination,IOB Delay,Voltage,Constraint,DCI Value,IO Register,Signal Integrity,
A2,,,VCCAUX,,,,,,,,2.5,,,,,
A3,,DIFFS,IO_L01N_2/VRP_2,UNUSED,,2,,,,,,,,,,
A4,,GTIPAD,RXNPAD9,UNUSED,,,,,,,,,,,,
A5,,GTIPAD,RXPPAD9,UNUSED,,,,,,,,,,,,
A6,,GTOPAD,TXPPAD9,UNUSED,,,,,,,,,,,,
A7,,GTOPAD,TXNPAD9,UNUSED,,,,,,,,,,,,
A8,A<23>,IOB,IO_L44N_1,INPUT,LVCMOS25*,1,,,,NONE,,,,NO,NONE,
A9,,,GND,,,,,,,,,,,,,
A10,B<21>,IOB,IO_L53_1/No_Pair,INPUT,LVCMOS25*,1,,,,NONE,,,,NO,NONE,
A11,,GTIPAD,RXNPAD7,UNUSED,,,,,,,,,,,,
A12,,GTIPAD,RXPPAD7,UNUSED,,,,,,,,,,,,
A13,,GTOPAD,TXPPAD7,UNUSED,,,,,,,,,,,,
A14,,GTOPAD,TXNPAD7,UNUSED,,,,,,,,,,,,
A15,,,VCCAUX,,,,,,,,2.5,,,,,
A16,,,VCCAUX,,,,,,,,2.5,,,,,
A17,,GTIPAD,RXNPAD6,UNUSED,,,,,,,,,,,,
A18,,GTIPAD,RXPPAD6,UNUSED,,,,,,,,,,,,
A19,,GTOPAD,TXPPAD6,UNUSED,,,,,,,,,,,,
A20,,GTOPAD,TXNPAD6,UNUSED,,,,,,,,,,,,
A21,B<9>,IOB,IO_L53_0/No_Pair,INPUT,LVCMOS25*,0,,,,NONE,,,,NO,NONE,
A22,,,GND,,,,,,,,,,,,,
A23,B<2>,IOB,IO_L44P_0,INPUT,LVCMOS25*,0,,,,NONE,,,,NO,NONE,
A24,,GTIPAD,RXNPAD4,UNUSED,,,,,,,,,,,,
A25,,GTIPAD,RXPPAD4,UNUSED,,,,,,,,,,,,
A26,,GTOPAD,TXPPAD4,UNUSED,,,,,,,,,,,,
A27,,GTOPAD,TXNPAD4,UNUSED,,,,,,,,,,,,
A28,,DIFFS,IO_L01N_7/VRP_7,UNUSED,,7,,,,,,,,,,
A29,,,VCCAUX,,,,,,,,2.5,,,,,
AA1,,DIFFS,IO_L51N_3/VREF_3,UNUSED,,3,,,,,,,,,,
AA2,,DIFFM,IO_L54P_3,UNUSED,,3,,,,,,,,,,
AA3,,DIFFS,IO_L48N_3,UNUSED,,3,,,,,,,,,,
AA4,,DIFFM,IO_L48P_3,UNUSED,,3,,,,,,,,,,
AA5,,DIFFS,IO_L44N_3,UNUSED,,3,,,,,,,,,,
AA6,,DIFFM,IO_L44P_3,UNUSED,,3,,,,,,,,,,
AA7,,DIFFS,IO_L38N_3,UNUSED,,3,,,,,,,,,,
AA8,,DIFFM,IO_L38P_3,UNUSED,,3,,,,,,,,,,
AA9,,,VCCO_3,,,3,,,,,any******,,,,,
AA10,,,VCCO_4,,,4,,,,,any******,,,,,
AA11,,,VCCO_4,,,4,,,,,any******,,,,,
AA12,,,VCCO_4,,,4,,,,,any******,,,,,
AA13,,,VCCO_4,,,4,,,,,any******,,,,,
AA14,,,VCCO_4,,,4,,,,,any******,,,,,
AA15,,,VCCO_4,,,4,,,,,any******,,,,,
AA16,,,VCCO_5,,,5,,,,,any******,,,,,
AA17,,,VCCO_5,,,5,,,,,any******,,,,,
AA18,,,VCCO_5,,,5,,,,,any******,,,,,
AA19,,,VCCO_5,,,5,,,,,any******,,,,,
AA20,,,VCCO_5,,,5,,,,,any******,,,,,
AA21,,,VCCO_5,,,5,,,,,any******,,,,,
AA22,,,VCCO_6,,,6,,,,,any******,,,,,
AA23,,DIFFM,IO_L38P_6,UNUSED,,6,,,,,,,,,,
AA24,,DIFFS,IO_L38N_6,UNUSED,,6,,,,,,,,,,
AA25,,DIFFM,IO_L44P_6,UNUSED,,6,,,,,,,,,,
AA26,,DIFFS,IO_L44N_6,UNUSED,,6,,,,,,,,,,
AA27,,DIFFM,IO_L48P_6,UNUSED,,6,,,,,,,,,,
AA28,,DIFFS,IO_L48N_6,UNUSED,,6,,,,,,,,,,
AA29,,DIFFM,IO_L54P_6,UNUSED,,6,,,,,,,,,,
AA30,,DIFFS,IO_L51N_6/VREF_6,UNUSED,,6,,,,,,,,,,
AB1,,DIFFM,IO_L51P_3,UNUSED,,3,,,,,,,,,,
AB2,,DIFFS,IO_L45N_3/VREF_3,UNUSED,,3,,,,,,,,,,
AB3,,DIFFS,IO_L46N_3,UNUSED,,3,,,,,,,,,,
AB4,,DIFFM,IO_L46P_3,UNUSED,,3,,,,,,,,,,
AB5,,DIFFS,IO_L40N_3,UNUSED,,3,,,,,,,,,,
AB6,,DIFFM,IO_L40P_3,UNUSED,,3,,,,,,,,,,
AB7,,DIFFS,IO_L32N_3,UNUSED,,3,,,,,,,,,,
AB8,,DIFFM,IO_L32P_3,UNUSED,,3,,,,,,,,,,
AB9,,,VCCO_3,,,3,,,,,any******,,,,,
AB10,,,VCCO_4,,,4,,,,,any******,,,,,
AB11,,,VCCO_4,,,4,,,,,any******,,,,,
AB12,,,VCCO_4,,,4,,,,,any******,,,,,
AB13,,,VCCO_4,,,4,,,,,any******,,,,,
AB14,,DIFFS,IO_L49N_4,UNUSED,,4,,,,,,,,,,
AB15,,DIFFS,IO_L67N_4,UNUSED,,4,,,,,,,,,,
AB16,,DIFFM,IO_L67P_5,UNUSED,,5,,,,,,,,,,
AB17,,DIFFM,IO_L49P_5,UNUSED,,5,,,,,,,,,,
AB18,,,VCCO_5,,,5,,,,,any******,,,,,
AB19,,,VCCO_5,,,5,,,,,any******,,,,,
AB20,,,VCCO_5,,,5,,,,,any******,,,,,
AB21,,,VCCO_5,,,5,,,,,any******,,,,,
AB22,,,VCCO_6,,,6,,,,,any******,,,,,
AB23,,DIFFM,IO_L32P_6,UNUSED,,6,,,,,,,,,,
AB24,,DIFFS,IO_L32N_6,UNUSED,,6,,,,,,,,,,
AB25,,DIFFM,IO_L40P_6,UNUSED,,6,,,,,,,,,,
AB26,,DIFFS,IO_L40N_6,UNUSED,,6,,,,,,,,,,
AB27,,DIFFM,IO_L46P_6,UNUSED,,6,,,,,,,,,,
AB28,,DIFFS,IO_L46N_6,UNUSED,,6,,,,,,,,,,
AB29,,DIFFS,IO_L45N_6/VREF_6,UNUSED,,6,,,,,,,,,,
AB30,,DIFFM,IO_L51P_6,UNUSED,,6,,,,,,,,,,
AC1,,,GND,,,,,,,,,,,,,
AC2,,DIFFM,IO_L45P_3,UNUSED,,3,,,,,,,,,,
AC3,,DIFFS,IO_L43N_3,UNUSED,,3,,,,,,,,,,
AC4,,DIFFM,IO_L43P_3,UNUSED,,3,,,,,,,,,,
AC5,,DIFFS,IO_L35N_3,UNUSED,,3,,,,,,,,,,
AC6,,DIFFM,IO_L35P_3,UNUSED,,3,,,,,,,,,,
AC7,,,CCLK,,,,,,,,,,,,,
AC8,,,DONE,,,,,,,,,,,,,
AC9,,DIFFS,IO_L02N_4/D0,UNUSED,,4,,,,,,,,,,
AC10,,DIFFS,IO_L07N_4,UNUSED,,4,,,,,,,,,,
AC11,,DIFFS,IO_L37N_4,UNUSED,,4,,,,,,,,,,
AC12,,DIFFS,IO_L43N_4,UNUSED,,4,,,,,,,,,,
AC13,,DIFFS,IO_L46N_4,UNUSED,,4,,,,,,,,,,
AC14,,DIFFM,IO_L49P_4,UNUSED,,4,,,,,,,,,,
AC15,,DIFFM,IO_L67P_4,UNUSED,,4,,,,,,,,,,
AC16,,DIFFS,IO_L67N_5,UNUSED,,5,,,,,,,,,,
AC17,,DIFFS,IO_L49N_5,UNUSED,,5,,,,,,,,,,
AC18,,DIFFM,IO_L46P_5,UNUSED,,5,,,,,,,,,,
AC19,,DIFFM,IO_L43P_5,UNUSED,,5,,,,,,,,,,
AC20,,DIFFM,IO_L37P_5,UNUSED,,5,,,,,,,,,,
AC21,,DIFFM,IO_L07P_5,UNUSED,,5,,,,,,,,,,
AC22,,DIFFM,IO_L02P_5/D7,UNUSED,,5,,,,,,,,,,
AC23,,,M2,,,,,,,,,,,,,
AC24,,,M1,,,,,,,,,,,,,
AC25,,DIFFM,IO_L35P_6,UNUSED,,6,,,,,,,,,,
AC26,,DIFFS,IO_L35N_6,UNUSED,,6,,,,,,,,,,
AC27,,DIFFM,IO_L43P_6,UNUSED,,6,,,,,,,,,,
AC28,,DIFFS,IO_L43N_6,UNUSED,,6,,,,,,,,,,
AC29,,DIFFM,IO_L45P_6,UNUSED,,6,,,,,,,,,,
AC30,,,GND,,,,,,,,,,,,,
AD1,,DIFFS,IO_L42N_3,UNUSED,,3,,,,,,,,,,
AD2,,DIFFM,IO_L42P_3,UNUSED,,3,,,,,,,,,,
AD3,,DIFFS,IO_L37N_3,UNUSED,,3,,,,,,,,,,
AD4,,DIFFM,IO_L37P_3,UNUSED,,3,,,,,,,,,,
AD5,,DIFFS,IO_L05N_3,UNUSED,,3,,,,,,,,,,
AD6,,DIFFM,IO_L05P_3,UNUSED,,3,,,,,,,,,,
AD7,,,PWRDWN_B,,,,,,,,,,,,,
AD8,,DIFFM,IO_L05_4/No_Pair,UNUSED,,4,,,,,,,,,,
AD9,,DIFFM,IO_L02P_4/D1,UNUSED,,4,,,,,,,,,,
AD10,,DIFFM,IO_L07P_4/VREF_4,UNUSED,,4,,,,,,,,,,
AD11,,DIFFM,IO_L37P_4,UNUSED,,4,,,,,,,,,,
AD12,,DIFFM,IO_L43P_4,UNUSED,,4,,,,,,,,,,
AD13,,DIFFM,IO_L46P_4,UNUSED,,4,,,,,,,,,,
AD14,,DIFFS,IO_L68N_4,UNUSED,,4,,,,,,,,,,
AD15,,DIFFS,IO_L73N_4,UNUSED,,4,,,,,,,,,,
AD16,,DIFFM,IO_L73P_5,UNUSED,,5,,,,,,,,,,
AD17,,DIFFM,IO_L68P_5,UNUSED,,5,,,,,,,,,,
AD18,,DIFFS,IO_L46N_5,UNUSED,,5,,,,,,,,,,
AD19,,DIFFS,IO_L43N_5,UNUSED,,5,,,,,,,,,,
AD20,,DIFFS,IO_L37N_5,UNUSED,,5,,,,,,,,,,
AD21,,DIFFS,IO_L07N_5/VREF_5,UNUSED,,5,,,,,,,,,,
AD22,,DIFFS,IO_L02N_5/D6,UNUSED,,5,,,,,,,,,,
AD23,,DIFFS,IO_L05_5/No_Pair,UNUSED,,5,,,,,,,,,,
AD24,,,M0,,,,,,,,,,,,,
AD25,,DIFFM,IO_L05P_6,UNUSED,,6,,,,,,,,,,
AD26,,DIFFS,IO_L05N_6,UNUSED,,6,,,,,,,,,,
AD27,,DIFFM,IO_L37P_6,UNUSED,,6,,,,,,,,,,
AD28,,DIFFS,IO_L37N_6,UNUSED,,6,,,,,,,,,,
AD29,,DIFFM,IO_L42P_6,UNUSED,,6,,,,,,,,,,
AD30,,DIFFS,IO_L42N_6,UNUSED,,6,,,,,,,,,,
AE1,,DIFFS,IO_L39N_3/VREF_3,UNUSED,,3,,,,,,,,,,
AE2,,DIFFM,IO_L39P_3,UNUSED,,3,,,,,,,,,,
AE3,,DIFFS,IO_L33N_3/VREF_3,UNUSED,,3,,,,,,,,,,
AE4,,DIFFM,IO_L33P_3,UNUSED,,3,,,,,,,,,,
AE5,,DIFFS,IO_L31N_3,UNUSED,,3,,,,,,,,,,
AE6,,,GND,,,,,,,,,,,,,
AE7,,DIFFS,IO_L08N_4,UNUSED,,4,,,,,,,,,,
AE8,,DIFFM,IO_L08P_4,UNUSED,,4,,,,,,,,,,
AE9,,DIFFS,IO_L44N_4,UNUSED,,4,,,,,,,,,,
AE10,,DIFFM,IO_L44P_4,UNUSED,,4,,,,,,,,,,
AE11,,DIFFS,IO_L47N_4,UNUSED,,4,,,,,,,,,,
AE12,,DIFFM,IO_L47P_4,UNUSED,,4,,,,,,,,,,
AE13,,,GND,,,,,,,,,,,,,
AE14,,DIFFM,IO_L68P_4,UNUSED,,4,,,,,,,,,,
AE15,,DIFFM,IO_L73P_4,UNUSED,,4,,,,,,,,,,
AE16,,DIFFS,IO_L73N_5,UNUSED,,5,,,,,,,,,,
AE17,,DIFFS,IO_L68N_5,UNUSED,,5,,,,,,,,,,
AE18,,,GND,,,,,,,,,,,,,
AE19,,DIFFS,IO_L47N_5,UNUSED,,5,,,,,,,,,,
AE20,,DIFFM,IO_L47P_5,UNUSED,,5,,,,,,,,,,
AE21,,DIFFS,IO_L44N_5,UNUSED,,5,,,,,,,,,,
AE22,,DIFFM,IO_L44P_5,UNUSED,,5,,,,,,,,,,
AE23,,DIFFS,IO_L08N_5,UNUSED,,5,,,,,,,,,,
AE24,,DIFFM,IO_L08P_5,UNUSED,,5,,,,,,,,,,
AE25,,,GND,,,,,,,,,,,,,
AE26,,DIFFS,IO_L31N_6,UNUSED,,6,,,,,,,,,,
AE27,,DIFFM,IO_L33P_6,UNUSED,,6,,,,,,,,,,
AE28,,DIFFS,IO_L33N_6/VREF_6,UNUSED,,6,,,,,,,,,,
AE29,,DIFFM,IO_L39P_6,UNUSED,,6,,,,,,,,,,
AE30,,DIFFS,IO_L39N_6/VREF_6,UNUSED,,6,,,,,,,,,,
AF1,,DIFFS,IO_L36N_3,UNUSED,,3,,,,,,,,,,
AF2,,DIFFM,IO_L36P_3,UNUSED,,3,,,,,,,,,,
AF3,,DIFFS,IO_L34N_3,UNUSED,,3,,,,,,,,,,
AF4,,DIFFM,IO_L34P_3,UNUSED,,3,,,,,,,,,,
AF5,,,GND,,,,,,,,,,,,,
AF6,,DIFFM,IO_L31P_3,UNUSED,,3,,,,,,,,,,
AF7,,DIFFM,IO_L01P_4/INIT_B,UNUSED,,4,,,,,,,,,,
AF8,,DIFFS,IO_L38N_4,UNUSED,,4,,,,,,,,,,
AF9,,DIFFM,IO_L38P_4,UNUSED,,4,,,,,,,,,,
AF10,,DIFFS,IO_L39N_4,UNUSED,,4,,,,,,,,,,
AF11,,IOB,IO_L50_4/No_Pair,UNUSED,,4,,,,,,,,,,
AF12,,DIFFS,IO_L56N_4,UNUSED,,4,,,,,,,,,,
AF13,,DIFFM,IO_L56P_4,UNUSED,,4,,,,,,,,,,
AF14,,DIFFS,IO_L69N_4,UNUSED,,4,,,,,,,,,,
AF15,,DIFFS,IO_L74N_4/GCLK3S,UNUSED,,4,,,,,,,,,,
AF16,,DIFFM,IO_L74P_5/GCLK4P,UNUSED,,5,,,,,,,,,,
AF17,,DIFFM,IO_L69P_5,UNUSED,,5,,,,,,,,,,
AF18,,DIFFS,IO_L56N_5,UNUSED,,5,,,,,,,,,,
AF19,,DIFFM,IO_L56P_5,UNUSED,,5,,,,,,,,,,
AF20,,IOB,IO_L50_5/No_Pair,UNUSED,,5,,,,,,,,,,
AF21,,DIFFM,IO_L39P_5,UNUSED,,5,,,,,,,,,,
AF22,,DIFFS,IO_L38N_5,UNUSED,,5,,,,,,,,,,
AF23,,DIFFM,IO_L38P_5,UNUSED,,5,,,,,,,,,,
AF24,,DIFFS,IO_L01N_5/RDWR_B,UNUSED,,5,,,,,,,,,,
AF25,,DIFFM,IO_L31P_6,UNUSED,,6,,,,,,,,,,
AF26,,,GND,,,,,,,,,,,,,
AF27,,DIFFM,IO_L34P_6,UNUSED,,6,,,,,,,,,,
AF28,,DIFFS,IO_L34N_6,UNUSED,,6,,,,,,,,,,
AF29,,DIFFM,IO_L36P_6,UNUSED,,6,,,,,,,,,,
AF30,,DIFFS,IO_L36N_6,UNUSED,,6,,,,,,,,,,
AG1,,DIFFS,IO_L06N_3,UNUSED,,3,,,,,,,,,,
AG2,,DIFFM,IO_L06P_3,UNUSED,,3,,,,,,,,,,
AG3,,DIFFS,IO_L04N_3,UNUSED,,3,,,,,,,,,,
AG4,,,GND,,,,,,,,,,,,,
AG5,,DIFFS,IO_L02N_3,UNUSED,,3,,,,,,,,,,
AG6,,DIFFS,IO_L01N_4/DOUT,UNUSED,,4,,,,,,,,,,
AG7,,DIFFS,IO_L03N_4/D2,UNUSED,,4,,,,,,,,,,
AG8,,DIFFS,IO_L06N_4/VRP_4,UNUSED,,4,,,,,,,,,,
AG9,,,GND,,,,,,,,,,,,,
AG10,,DIFFM,IO_L39P_4,UNUSED,,4,,,,,,,,,,
AG11,,DIFFM,IO_L53_4/No_Pair,UNUSED,,4,,,,,,,,,,
AG12,,,GND,,,,,,,,,,,,,
AG13,,DIFFS,IO_L57N_4,UNUSED,,4,,,,,,,,,,
AG14,,DIFFM,IO_L69P_4/VREF_4,UNUSED,,4,,,,,,,,,,
AG15,,DIFFM,IO_L74P_4/GCLK2P,UNUSED,,4,,,,,,,,,,
AG16,,DIFFS,IO_L74N_5/GCLK5S,UNUSED,,5,,,,,,,,,,
AG17,,DIFFS,IO_L69N_5/VREF_5,UNUSED,,5,,,,,,,,,,
AG18,,DIFFM,IO_L57P_5,UNUSED,,5,,,,,,,,,,
AG19,,,GND,,,,,,,,,,,,,
AG20,,DIFFS,IO_L53_5/No_Pair,UNUSED,,5,,,,,,,,,,
AG21,,DIFFS,IO_L39N_5,UNUSED,,5,,,,,,,,,,
AG22,,,GND,,,,,,,,,,,,,
AG23,,DIFFM,IO_L06P_5/VRN_5,UNUSED,,5,,,,,,,,,,
AG24,,DIFFM,IO_L03P_5/D5,UNUSED,,5,,,,,,,,,,
AG25,,DIFFM,IO_L01P_5/CS_B,UNUSED,,5,,,,,,,,,,
AG26,,DIFFS,IO_L02N_6,UNUSED,,6,,,,,,,,,,
AG27,,,GND,,,,,,,,,,,,,
AG28,,DIFFS,IO_L04N_6,UNUSED,,6,,,,,,,,,,
AG29,,DIFFM,IO_L06P_6,UNUSED,,6,,,,,,,,,,
AG30,,DIFFS,IO_L06N_6,UNUSED,,6,,,,,,,,,,
AH1,,DIFFS,IO_L03N_3/VREF_3,UNUSED,,3,,,,,,,,,,
AH2,,DIFFM,IO_L03P_3,UNUSED,,3,,,,,,,,,,
AH3,,,GND,,,,,,,,,,,,,
AH4,,DIFFM,IO_L04P_3,UNUSED,,3,,,,,,,,,,
AH5,,DIFFM,IO_L02P_3,UNUSED,,3,,,,,,,,,,
AH6,,,GNDA16,,,,,,,,,,,,,
AH7,,DIFFM,IO_L03P_4/D3,UNUSED,,4,,,,,,,,,,
AH8,,DIFFM,IO_L06P_4/VRN_4,UNUSED,,4,,,,,,,,,,
AH9,,DIFFS,IO_L45N_4,UNUSED,,4,,,,,,,,,,
AH10,,DIFFS,IO_L48N_4,UNUSED,,4,,,,,,,,,,
AH11,,DIFFM,IO_L48P_4,UNUSED,,4,,,,,,,,,,
AH12,,,GNDA18,,,,,,,,,,,,,
AH13,,DIFFM,IO_L57P_4/VREF_4,UNUSED,,4,,,,,,,,,,
AH14,,,GND,,,,,,,,,,,,,
AH15,,DIFFS,IO_L75N_4/GCLK1S,UNUSED,,4,,,,,,,,,,
AH16,,DIFFM,IO_L75P_5/GCLK6P,UNUSED,,5,,,,,,,,,,
AH17,,,GND,,,,,,,,,,,,,
AH18,,DIFFS,IO_L57N_5/VREF_5,UNUSED,,5,,,,,,,,,,
AH19,,,GNDA19,,,,,,,,,,,,,
AH20,,DIFFS,IO_L48N_5,UNUSED,,5,,,,,,,,,,
AH21,,DIFFM,IO_L48P_5,UNUSED,,5,,,,,,,,,,
AH22,,DIFFM,IO_L45P_5,UNUSED,,5,,,,,,,,,,
AH23,,DIFFS,IO_L06N_5/VRP_5,UNUSED,,5,,,,,,,,,,
AH24,,DIFFS,IO_L03N_5/D4,UNUSED,,5,,,,,,,,,,
AH25,,,GNDA21,,,,,,,,,,,,,
AH26,,DIFFM,IO_L02P_6,UNUSED,,6,,,,,,,,,,
AH27,,DIFFM,IO_L04P_6,UNUSED,,6,,,,,,,,,,
AH28,,,GND,,,,,,,,,,,,,
AH29,,DIFFM,IO_L03P_6,UNUSED,,6,,,,,,,,,,
AH30,,DIFFS,IO_L03N_6/VREF_6,UNUSED,,6,,,,,,,,,,
AJ1,,,VCCAUX,,,,,,,,2.5,,,,,
AJ2,,,GND,,,,,,,,,,,,,
AJ3,,DIFFS,IO_L01N_3/VRP_3,UNUSED,,3,,,,,,,,,,
AJ4,,,AVCCAUXRX16,,,,,,,,2.5,,,,,
AJ5,,,VTRXPAD16,,,,,,,,,,,,,
AJ6,,,AVCCAUXTX16,,,,,,,,2.5,,,,,
AJ7,,,VTTXPAD16,,,,,,,,,,,,,
AJ8,,DIFFS,IO_L09N_4,UNUSED,,4,,,,,,,,,,
AJ9,,DIFFM,IO_L45P_4/VREF_4,UNUSED,,4,,,,,,,,,,
AJ10,,DIFFS,IO_L54N_4,UNUSED,,4,,,,,,,,,,
AJ11,,,AVCCAUXRX18,,,,,,,,2.5,,,,,
AJ12,,,VTRXPAD18,,,,,,,,,,,,,
AJ13,,,AVCCAUXTX18,,,,,,,,2.5,,,,,
AJ14,,,VTTXPAD18,,,,,,,,,,,,,
AJ15,,DIFFM,IO_L75P_4/GCLK0P,UNUSED,,4,,,,,,,,,,
AJ16,,DIFFS,IO_L75N_5/GCLK7S,UNUSED,,5,,,,,,,,,,
AJ17,,,AVCCAUXRX19,,,,,,,,2.5,,,,,
AJ18,,,VTRXPAD19,,,,,,,,,,,,,
AJ19,,,AVCCAUXTX19,,,,,,,,2.5,,,,,
AJ20,,,VTTXPAD19,,,,,,,,,,,,,
AJ21,,DIFFM,IO_L54P_5,UNUSED,,5,,,,,,,,,,
AJ22,,DIFFS,IO_L45N_5/VREF_5,UNUSED,,5,,,,,,,,,,
AJ23,,DIFFM,IO_L09P_5,UNUSED,,5,,,,,,,,,,
AJ24,,,AVCCAUXRX21,,,,,,,,2.5,,,,,
AJ25,,,VTRXPAD21,,,,,,,,,,,,,
AJ26,,,AVCCAUXTX21,,,,,,,,2.5,,,,,
AJ27,,,VTTXPAD21,,,,,,,,,,,,,
AJ28,,DIFFS,IO_L01N_6/VRP_6,UNUSED,,6,,,,,,,,,,
AJ29,,,GND,,,,,,,,,,,,,
AJ30,,,VCCAUX,,,,,,,,2.5,,,,,
AK2,,,VCCAUX,,,,,,,,2.5,,,,,
AK3,,DIFFM,IO_L01P_3/VRN_3,UNUSED,,3,,,,,,,,,,
AK4,,GTIPAD,RXNPAD16,UNUSED,,,,,,,,,,,,
AK5,,GTIPAD,RXPPAD16,UNUSED,,,,,,,,,,,,
AK6,,GTOPAD,TXPPAD16,UNUSED,,,,,,,,,,,,
AK7,,GTOPAD,TXNPAD16,UNUSED,,,,,,,,,,,,
AK8,,DIFFM,IO_L09P_4/VREF_4,UNUSED,,4,,,,,,,,,,
AK9,,,GND,,,,,,,,,,,,,
AK10,,DIFFM,IO_L54P_4,UNUSED,,4,,,,,,,,,,
AK11,,GTIPAD,RXNPAD18,UNUSED,,,,,,,,,,,,
AK12,,GTIPAD,RXPPAD18,UNUSED,,,,,,,,,,,,
AK13,,GTOPAD,TXPPAD18,UNUSED,,,,,,,,,,,,
AK14,,GTOPAD,TXNPAD18,UNUSED,,,,,,,,,,,,
AK15,,,VCCAUX,,,,,,,,2.5,,,,,
AK16,,,VCCAUX,,,,,,,,2.5,,,,,
AK17,,GTIPAD,RXNPAD19,UNUSED,,,,,,,,,,,,
AK18,,GTIPAD,RXPPAD19,UNUSED,,,,,,,,,,,,
AK19,,GTOPAD,TXPPAD19,UNUSED,,,,,,,,,,,,
AK20,,GTOPAD,TXNPAD19,UNUSED,,,,,,,,,,,,
AK21,,DIFFS,IO_L54N_5,UNUSED,,5,,,,,,,,,,
AK22,,,GND,,,,,,,,,,,,,
AK23,,DIFFS,IO_L09N_5/VREF_5,UNUSED,,5,,,,,,,,,,
AK24,,GTIPAD,RXNPAD21,UNUSED,,,,,,,,,,,,
AK25,,GTIPAD,RXPPAD21,UNUSED,,,,,,,,,,,,
AK26,,GTOPAD,TXPPAD21,UNUSED,,,,,,,,,,,,
AK27,,GTOPAD,TXNPAD21,UNUSED,,,,,,,,,,,,
AK28,,DIFFM,IO_L01P_6/VRN_6,UNUSED,,6,,,,,,,,,,
AK29,,,VCCAUX,,,,,,,,2.5,,,,,
B1,,,VCCAUX,,,,,,,,2.5,,,,,
B2,,,GND,,,,,,,,,,,,,
B3,,DIFFM,IO_L01P_2/VRN_2,UNUSED,,2,,,,,,,,,,
B4,,,AVCCAUXRX9,,,,,,,,2.5,,,,,
B5,,,VTRXPAD9,,,,,,,,,,,,,
B6,,,AVCCAUXTX9,,,,,,,,2.5,,,,,
B7,,,VTTXPAD9,,,,,,,,,,,,,
B8,A<27>,IOB,IO_L44P_1,INPUT,LVCMOS25*,1,,,,NONE,,,,NO,NONE,
B9,A<31>,IOB,IO_L47N_1,INPUT,LVCMOS25*,1,,,,NONE,,,,NO,NONE,
B10,A<22>,IOB,IO_L50_1/No_Pair,INPUT,LVCMOS25*,1,,,,NONE,,,,NO,NONE,
B11,,,AVCCAUXRX7,,,,,,,,2.5,,,,,
B12,,,VTRXPAD7,,,,,,,,,,,,,
B13,,,AVCCAUXTX7,,,,,,,,2.5,,,,,
B14,,,VTTXPAD7,,,,,,,,,,,,,
B15,B<20>,IOB,IO_L74N_1/GCLK1P,INPUT,LVCMOS25*,1,,,,NONE,,,,NO,NONE,
B16,S<18>,IOB,IO_L74P_0/GCLK6S,OUTPUT,LVCMOS25*,0,12,SLOW,NONE**,,,,,NO,NONE,
B17,,,AVCCAUXRX6,,,,,,,,2.5,,,,,
B18,,,VTRXPAD6,,,,,,,,,,,,,
B19,,,AVCCAUXTX6,,,,,,,,2.5,,,,,
B20,,,VTTXPAD6,,,,,,,,,,,,,
B21,B<22>,IOB,IO_L50_0/No_Pair,INPUT,LVCMOS25*,0,,,,NONE,,,,NO,NONE,
B22,S<12>,IOB,IO_L47P_0,OUTPUT,LVCMOS25*,0,12,SLOW,NONE**,,,,,NO,NONE,
B23,S<4>,IOB,IO_L44N_0,OUTPUT,LVCMOS25*,0,12,SLOW,NONE**,,,,,NO,NONE,
B24,,,AVCCAUXRX4,,,,,,,,2.5,,,,,
B25,,,VTRXPAD4,,,,,,,,,,,,,
B26,,,AVCCAUXTX4,,,,,,,,2.5,,,,,
B27,,,VTTXPAD4,,,,,,,,,,,,,
B28,,DIFFM,IO_L01P_7/VRN_7,UNUSED,,7,,,,,,,,,,
B29,,,GND,,,,,,,,,,,,,
B30,,,VCCAUX,,,,,,,,2.5,,,,,
C1,,DIFFM,IO_L04P_2,UNUSED,,2,,,,,,,,,,
C2,,DIFFS,IO_L04N_2/VREF_2,UNUSED,,2,,,,,,,,,,
C3,,,GND,,,,,,,,,,,,,
C4,,DIFFS,IO_L06N_2,UNUSED,,2,,,,,,,,,,
C5,,DIFFS,IO_L03N_2,UNUSED,,2,,,,,,,,,,
C6,,,GNDA9,,,,,,,,,,,,,
C7,B<18>,IOB,IO_L08N_1,INPUT,LVCMOS25*,1,,,,NONE,,,,NO,NONE,
C8,A<25>,IOB,IO_L38N_1,INPUT,LVCMOS25*,1,,,,NONE,,,,NO,NONE,
C9,B<23>,IOB,IO_L47P_1,INPUT,LVCMOS25*,1,,,,NONE,,,,NO,NONE,
C10,A<14>,IOB,IO_L56P_1,INPUT,LVCMOS25*,1,,,,NONE,,,,NO,NONE,
C11,S<29>,IOB,IO_L56N_1,OUTPUT,LVCMOS25*,1,12,SLOW,NONE**,,,,,NO,NONE,
C12,,,GNDA7,,,,,,,,,,,,,
C13,S<23>,IOB,IO_L68N_1,OUTPUT,LVCMOS25*,1,12,SLOW,NONE**,,,,,NO,NONE,
C14,,,GND,,,,,,,,,,,,,
C15,S<20>,IOB,IO_L74P_1/GCLK0S,OUTPUT,LVCMOS25*,1,12,SLOW,NONE**,,,,,NO,NONE,
C16,A<15>,IOB,IO_L74N_0/GCLK7P,INPUT,LVCMOS25*,0,,,,NONE,,,,NO,NONE,
C17,,,GND,,,,,,,,,,,,,
C18,B<6>,IOB,IO_L68P_0,INPUT,LVCMOS25*,0,,,,NONE,,,,NO,NONE,
C19,,,GNDA6,,,,,,,,,,,,,
C20,A<19>,IOB,IO_L56P_0,INPUT,LVCMOS25*,0,,,,NONE,,,,NO,NONE,
C21,S<11>,IOB,IO_L56N_0,OUTPUT,LVCMOS25*,0,12,SLOW,NONE**,,,,,NO,NONE,
C22,S<13>,IOB,IO_L47N_0,OUTPUT,LVCMOS25*,0,12,SLOW,NONE**,,,,,NO,NONE,
C23,A<20>,IOB,IO_L38P_0,INPUT,LVCMOS25*,0,,,,NONE,,,,NO,NONE,
C24,A<0>,IOB,IO_L08P_0,INPUT,LVCMOS25*,0,,,,NONE,,,,NO,NONE,
C25,,,GNDA4,,,,,,,,,,,,,
C26,,DIFFS,IO_L03N_7,UNUSED,,7,,,,,,,,,,
C27,,DIFFS,IO_L06N_7,UNUSED,,7,,,,,,,,,,
C28,,,GND,,,,,,,,,,,,,
C29,,DIFFS,IO_L04N_7/VREF_7,UNUSED,,7,,,,,,,,,,
C30,,DIFFM,IO_L04P_7,UNUSED,,7,,,,,,,,,,
D1,,DIFFM,IO_L31P_2,UNUSED,,2,,,,,,,,,,
D2,,DIFFS,IO_L31N_2,UNUSED,,2,,,,,,,,,,
D3,,DIFFM,IO_L06P_2,UNUSED,,2,,,,,,,,,,
D4,,,GND,,,,,,,,,,,,,
D5,,DIFFM,IO_L03P_2,UNUSED,,2,,,,,,,,,,
D6,,,NC,,,,,,,,,,,,,
D7,OPCODE<2>,IOB,IO_L08P_1,INPUT,LVCMOS25*,1,,,,NONE,,,,NO,NONE,
D8,A<29>,IOB,IO_L38P_1,INPUT,LVCMOS25*,1,,,,NONE,,,,NO,NONE,
D9,,,GND,,,,,,,,,,,,,
D10,A<24>,IOB,IO_L37N_1,INPUT,LVCMOS25*,1,,,,NONE,,,,NO,NONE,
D11,A<28>,IOB,IO_L43N_1,INPUT,LVCMOS25*,1,,,,NONE,,,,NO,NONE,
D12,,,GND,,,,,,,,,,,,,
D13,S<31>,IOB,IO_L68P_1,OUTPUT,LVCMOS25*,1,12,SLOW,NONE**,,,,,NO,NONE,
D14,S<24>,IOB,IO_L67N_1,OUTPUT,LVCMOS25*,1,12,SLOW,NONE**,,,,,NO,NONE,
D15,S<19>,IOB,IO_L73N_1,OUTPUT,LVCMOS25*,1,12,SLOW,NONE**,,,,,NO,NONE,
D16,A<16>,IOB,IO_L73P_0,INPUT,LVCMOS25*,0,,,,NONE,,,,NO,NONE,
D17,S<17>,IOB,IO_L67P_0,OUTPUT,LVCMOS25*,0,12,SLOW,NONE**,,,,,NO,NONE,
D18,B<10>,IOB,IO_L68N_0,INPUT,LVCMOS25*,0,,,,NONE,,,,NO,NONE,
D19,,,GND,,,,,,,,,,,,,
D20,B<12>,IOB,IO_L43P_0,INPUT,LVCMOS25*,0,,,,NONE,,,,NO,NONE,
D21,S<6>,IOB,IO_L37P_0,OUTPUT,LVCMOS25*,0,12,SLOW,NONE**,,,,,NO,NONE,
D22,,,GND,,,,,,,,,,,,,
D23,A<1>,IOB,IO_L38N_0,INPUT,LVCMOS25*,0,,,,NONE,,,,NO,NONE,
D24,A<7>,IOB,IO_L08N_0,INPUT,LVCMOS25*,0,,,,NONE,,,,NO,NONE,
D25,,,DXN,,,,,,,,,,,,,
D26,S<2>,IOB,IO_L03P_7,OUTPUT,LVCMOS25*,7,12,SLOW,NONE**,,,,,NO,NONE,
D27,,,GND,,,,,,,,,,,,,
D28,,DIFFM,IO_L06P_7,UNUSED,,7,,,,,,,,,,
D29,,DIFFS,IO_L31N_7,UNUSED,,7,,,,,,,,,,
D30,,DIFFM,IO_L31P_7,UNUSED,,7,,,,,,,,,,
E1,,DIFFM,IO_L34P_2,UNUSED,,2,,,,,,,,,,
E2,,DIFFS,IO_L34N_2/VREF_2,UNUSED,,2,,,,,,,,,,
E3,,DIFFM,IO_L33P_2,UNUSED,,2,,,,,,,,,,
E4,,DIFFS,IO_L33N_2,UNUSED,,2,,,,,,,,,,
E5,,,GND,,,,,,,,,,,,,
E6,,DIFFM,IO_L01P_1/VRN_1,UNUSED,,1,,,,,,,,,,
E7,,DIFFS,IO_L01N_1/VRP_1,UNUSED,,1,,,,,,,,,,
E8,,DIFFM,IO_L03P_1,UNUSED,,1,,,,,,,,,,
E9,,DIFFS,IO_L03N_1/VREF_1,UNUSED,,1,,,,,,,,,,
E10,B<26>,IOB,IO_L37P_1,INPUT,LVCMOS25*,1,,,,NONE,,,,NO,NONE,
E11,B<31>,IOB,IO_L43P_1,INPUT,LVCMOS25*,1,,,,NONE,,,,NO,NONE,
E12,B<29>,IOB,IO_L46P_1,INPUT,LVCMOS25*,1,,,,NONE,,,,NO,NONE,
E13,S<25>,IOB,IO_L46N_1,OUTPUT,LVCMOS25*,1,12,SLOW,NONE**,,,,,NO,NONE,
E14,S<22>,IOB,IO_L67P_1,OUTPUT,LVCMOS25*,1,12,SLOW,NONE**,,,,,NO,NONE,
E15,B<16>,IOB,IO_L73P_1,INPUT,LVCMOS25*,1,,,,NONE,,,,NO,NONE,
E16,B<13>,IOB,IO_L73N_0,INPUT,LVCMOS25*,0,,,,NONE,,,,NO,NONE,
E17,B<11>,IOB,IO_L67N_0,INPUT,LVCMOS25*,0,,,,NONE,,,,NO,NONE,
E18,B<17>,IOB,IO_L46P_0,INPUT,LVCMOS25*,0,,,,NONE,,,,NO,NONE,
E19,S<7>,IOB,IO_L46N_0,OUTPUT,LVCMOS25*,0,12,SLOW,NONE**,,,,,NO,NONE,
E20,S<5>,IOB,IO_L43N_0,OUTPUT,LVCMOS25*,0,12,SLOW,NONE**,,,,,NO,NONE,
E21,B<5>,IOB,IO_L37N_0,INPUT,LVCMOS25*,0,,,,NONE,,,,NO,NONE,
E22,A<3>,IOB,IO_L03P_0/VREF_0,INPUT,LVCMOS25*,0,,,,NONE,,,,NO,NONE,
E23,A<4>,IOB,IO_L03N_0,INPUT,LVCMOS25*,0,,,,NONE,,,,NO,NONE,
E24,S<1>,IOB,IO_L01P_0/VRN_0,OUTPUT,LVCMOS25*,0,12,SLOW,NONE**,,,,,NO,NONE,
E25,S<0>,IOB,IO_L01N_0/VRP_0,OUTPUT,LVCMOS25*,0,12,SLOW,NONE**,,,,,NO,NONE,
E26,,,GND,,,,,,,,,,,,,
E27,,DIFFS,IO_L33N_7,UNUSED,,7,,,,,,,,,,
E28,,DIFFM,IO_L33P_7,UNUSED,,7,,,,,,,,,,
E29,,DIFFS,IO_L34N_7/VREF_7,UNUSED,,7,,,,,,,,,,
E30,,DIFFM,IO_L34P_7,UNUSED,,7,,,,,,,,,,
F1,,DIFFM,IO_L37P_2,UNUSED,,2,,,,,,,,,,
F2,,DIFFS,IO_L37N_2,UNUSED,,2,,,,,,,,,,
F3,,DIFFM,IO_L36P_2,UNUSED,,2,,,,,,,,,,
F4,,DIFFS,IO_L36N_2,UNUSED,,2,,,,,,,,,,
F5,,,TDO,,,,,,,,,,,,,
F6,,,GND,,,,,,,,,,,,,
F7,,DIFFM,IO_L02P_1,UNUSED,,1,,,,,,,,,,
F8,,DIFFS,IO_L02N_1,UNUSED,,1,,,,,,,,,,
F9,,DIFFM,IO_L07P_1,UNUSED,,1,,,,,,,,,,
F10,,DIFFS,IO_L07N_1,UNUSED,,1,,,,,,,,,,
F11,A<30>,IOB,IO_L48P_1,INPUT,LVCMOS25*,1,,,,NONE,,,,NO,NONE,
F12,B<30>,IOB,IO_L48N_1,INPUT,LVCMOS25*,1,,,,NONE,,,,NO,NONE,
F13,,,GND,,,,,,,,,,,,,
F14,OPCODE<0>,IOB,IO_L49N_1,INPUT,LVCMOS25*,1,,,,NONE,,,,NO,NONE,
F15,A<18>,IOB,IO_L75N_1/GCLK3P,INPUT,LVCMOS25*,1,,,,NONE,,,,NO,NONE,
F16,B<15>,IOB,IO_L75P_0/GCLK4S,INPUT,LVCMOS25*,0,,,,NONE,,,,NO,NONE,
F17,S<10>,IOB,IO_L49P_0,OUTPUT,LVCMOS25*,0,12,SLOW,NONE**,,,,,NO,NONE,
F18,,,GND,,,,,,,,,,,,,
F19,B<3>,IOB,IO_L48P_0,INPUT,LVCMOS25*,0,,,,NONE,,,,NO,NONE,
F20,B<8>,IOB,IO_L48N_0,INPUT,LVCMOS25*,0,,,,NONE,,,,NO,NONE,
F21,S<3>,IOB,IO_L07P_0,OUTPUT,LVCMOS25*,0,12,SLOW,NONE**,,,,,NO,NONE,
F22,S<9>,IOB,IO_L07N_0,OUTPUT,LVCMOS25*,0,12,SLOW,NONE**,,,,,NO,NONE,
F23,A<8>,IOB,IO_L02P_0,INPUT,LVCMOS25*,0,,,,NONE,,,,NO,NONE,
F24,,DIFFS,IO_L02N_0,UNUSED,,0,,,,,,,,,,
F25,,,GND,,,,,,,,,,,,,
F26,,,TDI,,,,,,,,,,,,,
F27,,DIFFS,IO_L36N_7,UNUSED,,7,,,,,,,,,,
F28,,DIFFM,IO_L36P_7,UNUSED,,7,,,,,,,,,,
F29,,DIFFS,IO_L37N_7,UNUSED,,7,,,,,,,,,,
F30,,DIFFM,IO_L37P_7,UNUSED,,7,,,,,,,,,,
G1,,DIFFM,IO_L40P_2,UNUSED,,2,,,,,,,,,,
G2,,DIFFS,IO_L40N_2/VREF_2,UNUSED,,2,,,,,,,,,,
G3,,DIFFM,IO_L39P_2,UNUSED,,2,,,,,,,,,,
G4,,DIFFS,IO_L39N_2,UNUSED,,2,,,,,,,,,,
G5,,DIFFM,IO_L02P_2,UNUSED,,2,,,,,,,,,,
G6,,DIFFS,IO_L02N_2,UNUSED,,2,,,,,,,,,,
G7,,,TCK,,,,,,,,,,,,,
G8,,DIFFS,IO_L05_1/No_Pair,UNUSED,,1,,,,,,,,,,
G9,,DIFFS,IO_L06N_1,UNUSED,,1,,,,,,,,,,
G10,A<26>,IOB,IO_L09N_1/VREF_1,INPUT,LVCMOS25*,1,,,,NONE,,,,NO,NONE,
G11,B<25>,IOB,IO_L39N_1,INPUT,LVCMOS25*,1,,,,NONE,,,,NO,NONE,
G12,A<21>,IOB,IO_L45N_1/VREF_1,INPUT,LVCMOS25*,1,,,,NONE,,,,NO,NONE,
G13,S<21>,IOB,IO_L54N_1,OUTPUT,LVCMOS25*,1,12,SLOW,NONE**,,,,,NO,NONE,
G14,OPCODE<1>,IOB,IO_L49P_1,INPUT,LVCMOS25*,1,,,,NONE,,,,NO,NONE,
G15,A<17>,IOB,IO_L75P_1/GCLK2S,INPUT,LVCMOS25*,1,,,,NONE,,,,NO,NONE,
G16,S<16>,IOB,IO_L75N_0/GCLK5P,OUTPUT,LVCMOS25*,0,12,SLOW,NONE**,,,,,NO,NONE,
G17,B<4>,IOB,IO_L49N_0,INPUT,LVCMOS25*,0,,,,NONE,,,,NO,NONE,
G18,S<14>,IOB,IO_L54P_0,OUTPUT,LVCMOS25*,0,12,SLOW,NONE**,,,,,NO,NONE,
G19,B<14>,IOB,IO_L45P_0/VREF_0,INPUT,LVCMOS25*,0,,,,NONE,,,,NO,NONE,
G20,A<10>,IOB,IO_L39P_0,INPUT,LVCMOS25*,0,,,,NONE,,,,NO,NONE,
G21,A<2>,IOB,IO_L09P_0/VREF_0,INPUT,LVCMOS25*,0,,,,NONE,,,,NO,NONE,
G22,A<5>,IOB,IO_L06P_0,INPUT,LVCMOS25*,0,,,,NONE,,,,NO,NONE,
G23,B<1>,IOB,IO_L05_0/No_Pair,INPUT,LVCMOS25*,0,,,,NONE,,,,NO,NONE,
G24,,,PROG_B,,,,,,,,,,,,,
G25,,DIFFS,IO_L02N_7,UNUSED,,7,,,,,,,,,,
G26,,DIFFM,IO_L02P_7,UNUSED,,7,,,,,,,,,,
G27,,DIFFS,IO_L39N_7,UNUSED,,7,,,,,,,,,,
G28,,DIFFM,IO_L39P_7,UNUSED,,7,,,,,,,,,,
G29,,DIFFS,IO_L40N_7/VREF_7,UNUSED,,7,,,,,,,,,,
G30,,DIFFM,IO_L40P_7,UNUSED,,7,,,,,,,,,,
H1,,,GND,,,,,,,,,,,,,
H2,,DIFFS,IO_L43N_2,UNUSED,,2,,,,,,,,,,
H3,,DIFFM,IO_L42P_2,UNUSED,,2,,,,,,,,,,
H4,,DIFFS,IO_L42N_2,UNUSED,,2,,,,,,,,,,
H5,,DIFFM,IO_L32P_2,UNUSED,,2,,,,,,,,,,
H6,,DIFFS,IO_L32N_2,UNUSED,,2,,,,,,,,,,
H7,,,VBATT,,,,,,,,,,,,,
H8,,,TMS,,,,,,,,,,,,,
H9,,DIFFM,IO_L06P_1,UNUSED,,1,,,,,,,,,,
H10,B<28>,IOB,IO_L09P_1,INPUT,LVCMOS25*,1,,,,NONE,,,,NO,NONE,
H11,B<24>,IOB,IO_L39P_1,INPUT,LVCMOS25*,1,,,,NONE,,,,NO,NONE,
H12,B<27>,IOB,IO_L45P_1,INPUT,LVCMOS25*,1,,,,NONE,,,,NO,NONE,
H13,S<30>,IOB,IO_L54P_1,OUTPUT,LVCMOS25*,1,12,SLOW,NONE**,,,,,NO,NONE,
H14,S<28>,IOB,IO_L57N_1/VREF_1,OUTPUT,LVCMOS25*,1,12,SLOW,NONE**,,,,,NO,NONE,
H15,S<27>,IOB,IO_L69N_1/VREF_1,OUTPUT,LVCMOS25*,1,12,SLOW,NONE**,,,,,NO,NONE,
H16,B<0>,IOB,IO_L69P_0/VREF_0,INPUT,LVCMOS25*,0,,,,NONE,,,,NO,NONE,
H17,S<15>,IOB,IO_L57P_0/VREF_0,OUTPUT,LVCMOS25*,0,12,SLOW,NONE**,,,,,NO,NONE,
H18,S<8>,IOB,IO_L54N_0,OUTPUT,LVCMOS25*,0,12,SLOW,NONE**,,,,,NO,NONE,
H19,A<13>,IOB,IO_L45N_0,INPUT,LVCMOS25*,0,,,,NONE,,,,NO,NONE,
H20,A<12>,IOB,IO_L39N_0,INPUT,LVCMOS25*,0,,,,NONE,,,,NO,NONE,
H21,A<11>,IOB,IO_L09N_0,INPUT,LVCMOS25*,0,,,,NONE,,,,NO,NONE,
H22,A<6>,IOB,IO_L06N_0,INPUT,LVCMOS25*,0,,,,NONE,,,,NO,NONE,
H23,,,HSWAP_EN,,,,,,,,,,,,,
H24,,,DXP,,,,,,,,,,,,,
H25,,DIFFS,IO_L32N_7,UNUSED,,7,,,,,,,,,,
H26,,DIFFM,IO_L32P_7,UNUSED,,7,,,,,,,,,,
H27,,DIFFS,IO_L42N_7,UNUSED,,7,,,,,,,,,,
H28,,DIFFM,IO_L42P_7,UNUSED,,7,,,,,,,,,,
H29,,DIFFS,IO_L43N_7,UNUSED,,7,,,,,,,,,,
H30,,,GND,,,,,,,,,,,,,
J1,,DIFFS,IO_L46N_2/VREF_2,UNUSED,,2,,,,,,,,,,
J2,,DIFFM,IO_L43P_2,UNUSED,,2,,,,,,,,,,
J3,,DIFFM,IO_L48P_2,UNUSED,,2,,,,,,,,,,
J4,,DIFFS,IO_L48N_2,UNUSED,,2,,,,,,,,,,
J5,,DIFFM,IO_L38P_2,UNUSED,,2,,,,,,,,,,
J6,,DIFFS,IO_L38N_2,UNUSED,,2,,,,,,,,,,
J7,,DIFFM,IO_L05P_2,UNUSED,,2,,,,,,,,,,
J8,,DIFFS,IO_L05N_2,UNUSED,,2,,,,,,,,,,
J9,,,VCCO_2,,,2,,,,,any******,,,,,
J10,,,VCCO_1,,,1,,,,,2.50,,,,,
J11,,,VCCO_1,,,1,,,,,2.50,,,,,
J12,,,VCCO_1,,,1,,,,,2.50,,,,,
J13,,,VCCO_1,,,1,,,,,2.50,,,,,
J14,B<19>,IOB,IO_L57P_1,INPUT,LVCMOS25*,1,,,,NONE,,,,NO,NONE,
J15,S<26>,IOB,IO_L69P_1,OUTPUT,LVCMOS25*,1,12,SLOW,NONE**,,,,,NO,NONE,
J16,B<7>,IOB,IO_L69N_0,INPUT,LVCMOS25*,0,,,,NONE,,,,NO,NONE,
J17,A<9>,IOB,IO_L57N_0,INPUT,LVCMOS25*,0,,,,NONE,,,,NO,NONE,
J18,,,VCCO_0,,,0,,,,,2.50,,,,,
J19,,,VCCO_0,,,0,,,,,2.50,,,,,
J20,,,VCCO_0,,,0,,,,,2.50,,,,,
J21,,,VCCO_0,,,0,,,,,2.50,,,,,
J22,,,VCCO_7,,,7,,,,,2.50,,,,,
J23,,DIFFS,IO_L05N_7,UNUSED,,7,,,,,,,,,,
J24,,DIFFM,IO_L05P_7,UNUSED,,7,,,,,,,,,,
J25,,DIFFS,IO_L38N_7,UNUSED,,7,,,,,,,,,,
J26,,DIFFM,IO_L38P_7,UNUSED,,7,,,,,,,,,,
J27,,DIFFS,IO_L48N_7,UNUSED,,7,,,,,,,,,,
J28,,DIFFM,IO_L48P_7,UNUSED,,7,,,,,,,,,,
J29,,DIFFM,IO_L43P_7,UNUSED,,7,,,,,,,,,,
J30,,DIFFS,IO_L46N_7/VREF_7,UNUSED,,7,,,,,,,,,,
K1,,DIFFM,IO_L46P_2,UNUSED,,2,,,,,,,,,,
K2,,DIFFS,IO_L49N_2,UNUSED,,2,,,,,,,,,,
K3,,DIFFM,IO_L51P_2,UNUSED,,2,,,,,,,,,,
K4,,DIFFS,IO_L51N_2,UNUSED,,2,,,,,,,,,,
K5,,DIFFM,IO_L45P_2,UNUSED,,2,,,,,,,,,,
K6,,DIFFS,IO_L45N_2,UNUSED,,2,,,,,,,,,,
K7,,DIFFM,IO_L35P_2,UNUSED,,2,,,,,,,,,,
K8,,DIFFS,IO_L35N_2,UNUSED,,2,,,,,,,,,,
K9,,,VCCO_2,,,2,,,,,any******,,,,,
K10,,,VCCO_1,,,1,,,,,2.50,,,,,
K11,,,VCCO_1,,,1,,,,,2.50,,,,,
K12,,,VCCO_1,,,1,,,,,2.50,,,,,
K13,,,VCCO_1,,,1,,,,,2.50,,,,,
K14,,,VCCO_1,,,1,,,,,2.50,,,,,
K15,,,VCCO_1,,,1,,,,,2.50,,,,,
K16,,,VCCO_0,,,0,,,,,2.50,,,,,
K17,,,VCCO_0,,,0,,,,,2.50,,,,,
K18,,,VCCO_0,,,0,,,,,2.50,,,,,
K19,,,VCCO_0,,,0,,,,,2.50,,,,,
K20,,,VCCO_0,,,0,,,,,2.50,,,,,
K21,,,VCCO_0,,,0,,,,,2.50,,,,,
K22,,,VCCO_7,,,7,,,,,2.50,,,,,
K23,,DIFFS,IO_L35N_7,UNUSED,,7,,,,,,,,,,
K24,,DIFFM,IO_L35P_7,UNUSED,,7,,,,,,,,,,
K25,,DIFFS,IO_L45N_7,UNUSED,,7,,,,,,,,,,
K26,,DIFFM,IO_L45P_7,UNUSED,,7,,,,,,,,,,
K27,,DIFFS,IO_L51N_7,UNUSED,,7,,,,,,,,,,
K28,,DIFFM,IO_L51P_7,UNUSED,,7,,,,,,,,,,
K29,,DIFFS,IO_L49N_7,UNUSED,,7,,,,,,,,,,
K30,,DIFFM,IO_L46P_7,UNUSED,,7,,,,,,,,,,
L1,,DIFFS,IO_L52N_2/VREF_2,UNUSED,,2,,,,,,,,,,
L2,,DIFFM,IO_L49P_2,UNUSED,,2,,,,,,,,,,
L3,,,GND,,,,,,,,,,,,,
L4,,DIFFM,IO_L54P_2,UNUSED,,2,,,,,,,,,,
L5,,DIFFS,IO_L54N_2,UNUSED,,2,,,,,,,,,,
L6,,,GND,,,,,,,,,,,,,
L7,,DIFFM,IO_L41P_2,UNUSED,,2,,,,,,,,,,
L8,,DIFFS,IO_L41N_2,UNUSED,,2,,,,,,,,,,
L9,,,VCCO_2,,,2,,,,,any******,,,,,
L10,,,VCCO_2,,,2,,,,,any******,,,,,
L11,,,GND,,,,,,,,,,,,,
L12,,,VCCINT,,,,,,,,1.5,,,,,
L13,,,VCCINT,,,,,,,,1.5,,,,,
L14,,,VCCINT,,,,,,,,1.5,,,,,
L15,,,VCCINT,,,,,,,,1.5,,,,,
L16,,,VCCINT,,,,,,,,1.5,,,,,
L17,,,VCCINT,,,,,,,,1.5,,,,,
L18,,,VCCINT,,,,,,,,1.5,,,,,
L19,,,VCCINT,,,,,,,,1.5,,,,,
L20,,,GND,,,,,,,,,,,,,
L21,,,VCCO_7,,,7,,,,,2.50,,,,,
L22,,,VCCO_7,,,7,,,,,2.50,,,,,
L23,,DIFFS,IO_L41N_7,UNUSED,,7,,,,,,,,,,
L24,,DIFFM,IO_L41P_7,UNUSED,,7,,,,,,,,,,
L25,,,GND,,,,,,,,,,,,,
L26,,DIFFS,IO_L54N_7,UNUSED,,7,,,,,,,,,,
L27,,DIFFM,IO_L54P_7,UNUSED,,7,,,,,,,,,,
L28,,,GND,,,,,,,,,,,,,
L29,,DIFFM,IO_L49P_7,UNUSED,,7,,,,,,,,,,
L30,,DIFFS,IO_L52N_7/VREF_7,UNUSED,,7,,,,,,,,,,
M1,,DIFFM,IO_L52P_2,UNUSED,,2,,,,,,,,,,
M2,,DIFFS,IO_L55N_2,UNUSED,,2,,,,,,,,,,
M3,,DIFFM,IO_L57P_2,UNUSED,,2,,,,,,,,,,
M4,,DIFFS,IO_L57N_2,UNUSED,,2,,,,,,,,,,
M5,,DIFFM,IO_L47P_2,UNUSED,,2,,,,,,,,,,
M6,,DIFFS,IO_L47N_2,UNUSED,,2,,,,,,,,,,
M7,,DIFFM,IO_L44P_2,UNUSED,,2,,,,,,,,,,
M8,,DIFFS,IO_L44N_2,UNUSED,,2,,,,,,,,,,
M9,,,VCCO_2,,,2,,,,,any******,,,,,
M10,,,VCCO_2,,,2,,,,,any******,,,,,
M11,,,VCCINT,,,,,,,,1.5,,,,,
M12,,,GND,,,,,,,,,,,,,
M13,,,GND,,,,,,,,,,,,,
M14,,,GND,,,,,,,,,,,,,
M15,,,GND,,,,,,,,,,,,,
M16,,,GND,,,,,,,,,,,,,
M17,,,GND,,,,,,,,,,,,,
M18,,,GND,,,,,,,,,,,,,
M19,,,GND,,,,,,,,,,,,,
M20,,,VCCINT,,,,,,,,1.5,,,,,
M21,,,VCCO_7,,,7,,,,,2.50,,,,,
M22,,,VCCO_7,,,7,,,,,2.50,,,,,
M23,,DIFFS,IO_L44N_7,UNUSED,,7,,,,,,,,,,
M24,,DIFFM,IO_L44P_7,UNUSED,,7,,,,,,,,,,
M25,,DIFFS,IO_L47N_7,UNUSED,,7,,,,,,,,,,
M26,,DIFFM,IO_L47P_7,UNUSED,,7,,,,,,,,,,
M27,,DIFFS,IO_L57N_7,UNUSED,,7,,,,,,,,,,
M28,,DIFFM,IO_L57P_7,UNUSED,,7,,,,,,,,,,
M29,,DIFFS,IO_L55N_7,UNUSED,,7,,,,,,,,,,
M30,,DIFFM,IO_L52P_7,UNUSED,,7,,,,,,,,,,
N1,,DIFFS,IO_L58N_2/VREF_2,UNUSED,,2,,,,,,,,,,
N2,,DIFFM,IO_L55P_2,UNUSED,,2,,,,,,,,,,
N3,,DIFFM,IO_L60P_2,UNUSED,,2,,,,,,,,,,
N4,,DIFFS,IO_L60N_2,UNUSED,,2,,,,,,,,,,
N5,,DIFFM,IO_L53P_2,UNUSED,,2,,,,,,,,,,
N6,,DIFFS,IO_L53N_2,UNUSED,,2,,,,,,,,,,
N7,,DIFFM,IO_L50P_2,UNUSED,,2,,,,,,,,,,
N8,,DIFFS,IO_L50N_2,UNUSED,,2,,,,,,,,,,
N9,,,VCCO_2,,,2,,,,,any******,,,,,
N10,,,VCCO_2,,,2,,,,,any******,,,,,
N11,,,VCCINT,,,,,,,,1.5,,,,,
N12,,,GND,,,,,,,,,,,,,
N13,,,GND,,,,,,,,,,,,,
N14,,,GND,,,,,,,,,,,,,
N15,,,GND,,,,,,,,,,,,,
N16,,,GND,,,,,,,,,,,,,
N17,,,GND,,,,,,,,,,,,,
N18,,,GND,,,,,,,,,,,,,
N19,,,GND,,,,,,,,,,,,,
N20,,,VCCINT,,,,,,,,1.5,,,,,
N21,,,VCCO_7,,,7,,,,,2.50,,,,,
N22,,,VCCO_7,,,7,,,,,2.50,,,,,
N23,,DIFFS,IO_L50N_7,UNUSED,,7,,,,,,,,,,
N24,,DIFFM,IO_L50P_7,UNUSED,,7,,,,,,,,,,
N25,,DIFFS,IO_L53N_7,UNUSED,,7,,,,,,,,,,
N26,,DIFFM,IO_L53P_7,UNUSED,,7,,,,,,,,,,
N27,,DIFFS,IO_L60N_7,UNUSED,,7,,,,,,,,,,
N28,,DIFFM,IO_L60P_7,UNUSED,,7,,,,,,,,,,
N29,,DIFFM,IO_L55P_7,UNUSED,,7,,,,,,,,,,
N30,,DIFFS,IO_L58N_7/VREF_7,UNUSED,,7,,,,,,,,,,
P1,,DIFFM,IO_L58P_2,UNUSED,,2,,,,,,,,,,
P2,,DIFFM,IO_L85P_2,UNUSED,,2,,,,,,,,,,
P3,,DIFFS,IO_L85N_2,UNUSED,,2,,,,,,,,,,
P4,,DIFFM,IO_L87P_2,UNUSED,,2,,,,,,,,,,
P5,,DIFFS,IO_L87N_2,UNUSED,,2,,,,,,,,,,
P6,,,GND,,,,,,,,,,,,,
P7,,DIFFM,IO_L59P_2,UNUSED,,2,,,,,,,,,,
P8,,DIFFS,IO_L59N_2,UNUSED,,2,,,,,,,,,,
P9,,DIFFS,IO_L56N_2,UNUSED,,2,,,,,,,,,,
P10,,,VCCO_2,,,2,,,,,any******,,,,,
P11,,,VCCINT,,,,,,,,1.5,,,,,
P12,,,GND,,,,,,,,,,,,,
P13,,,GND,,,,,,,,,,,,,
P14,,,GND,,,,,,,,,,,,,
P15,,,GND,,,,,,,,,,,,,
P16,,,GND,,,,,,,,,,,,,
P17,,,GND,,,,,,,,,,,,,
P18,,,GND,,,,,,,,,,,,,
P19,,,GND,,,,,,,,,,,,,
P20,,,VCCINT,,,,,,,,1.5,,,,,
P21,,,VCCO_7,,,7,,,,,2.50,,,,,
P22,,DIFFS,IO_L56N_7,UNUSED,,7,,,,,,,,,,
P23,,DIFFS,IO_L59N_7,UNUSED,,7,,,,,,,,,,
P24,,DIFFM,IO_L59P_7,UNUSED,,7,,,,,,,,,,
P25,,,GND,,,,,,,,,,,,,
P26,,DIFFS,IO_L87N_7,UNUSED,,7,,,,,,,,,,
P27,,DIFFM,IO_L87P_7,UNUSED,,7,,,,,,,,,,
P28,,DIFFS,IO_L85N_7,UNUSED,,7,,,,,,,,,,
P29,,DIFFM,IO_L85P_7,UNUSED,,7,,,,,,,,,,
P30,,DIFFM,IO_L58P_7,UNUSED,,7,,,,,,,,,,
R1,,,VCCAUX,,,,,,,,2.5,,,,,
R2,,DIFFS,IO_L88N_2/VREF_2,UNUSED,,2,,,,,,,,,,
R3,,DIFFM,IO_L90P_2,UNUSED,,2,,,,,,,,,,
R4,,DIFFS,IO_L90N_2,UNUSED,,2,,,,,,,,,,
R5,,DIFFM,IO_L89P_2,UNUSED,,2,,,,,,,,,,
R6,,DIFFS,IO_L89N_2,UNUSED,,2,,,,,,,,,,
R7,,DIFFM,IO_L86P_2,UNUSED,,2,,,,,,,,,,
R8,,DIFFS,IO_L86N_2,UNUSED,,2,,,,,,,,,,
R9,,DIFFM,IO_L56P_2,UNUSED,,2,,,,,,,,,,
R10,,,VCCO_2,,,2,,,,,any******,,,,,
R11,,,VCCINT,,,,,,,,1.5,,,,,
R12,,,GND,,,,,,,,,,,,,
R13,,,GND,,,,,,,,,,,,,
R14,,,GND,,,,,,,,,,,,,
R15,,,GND,,,,,,,,,,,,,
R16,,,GND,,,,,,,,,,,,,
R17,,,GND,,,,,,,,,,,,,
R18,,,GND,,,,,,,,,,,,,
R19,,,GND,,,,,,,,,,,,,
R20,,,VCCINT,,,,,,,,1.5,,,,,
R21,,,VCCO_7,,,7,,,,,2.50,,,,,
R22,,DIFFM,IO_L56P_7,UNUSED,,7,,,,,,,,,,
R23,,DIFFS,IO_L86N_7,UNUSED,,7,,,,,,,,,,
R24,,DIFFM,IO_L86P_7,UNUSED,,7,,,,,,,,,,
R25,,DIFFS,IO_L89N_7,UNUSED,,7,,,,,,,,,,
R26,,DIFFM,IO_L89P_7,UNUSED,,7,,,,,,,,,,
R27,,DIFFS,IO_L90N_7,UNUSED,,7,,,,,,,,,,
R28,,DIFFM,IO_L90P_7,UNUSED,,7,,,,,,,,,,
R29,,DIFFS,IO_L88N_7/VREF_7,UNUSED,,7,,,,,,,,,,
R30,,,VCCAUX,,,,,,,,2.5,,,,,
T1,,,VCCAUX,,,,,,,,2.5,,,,,
T2,,DIFFM,IO_L88P_2,UNUSED,,2,,,,,,,,,,
T3,,DIFFS,IO_L88N_3,UNUSED,,3,,,,,,,,,,
T4,,DIFFM,IO_L88P_3,UNUSED,,3,,,,,,,,,,
T5,,DIFFS,IO_L89N_3,UNUSED,,3,,,,,,,,,,
T6,,DIFFM,IO_L89P_3,UNUSED,,3,,,,,,,,,,
T7,,DIFFS,IO_L86N_3,UNUSED,,3,,,,,,,,,,
T8,,DIFFM,IO_L86P_3,UNUSED,,3,,,,,,,,,,
T9,,DIFFS,IO_L59N_3,UNUSED,,3,,,,,,,,,,
T10,,,VCCO_3,,,3,,,,,any******,,,,,
T11,,,VCCINT,,,,,,,,1.5,,,,,
T12,,,GND,,,,,,,,,,,,,
T13,,,GND,,,,,,,,,,,,,
T14,,,GND,,,,,,,,,,,,,
T15,,,GND,,,,,,,,,,,,,
T16,,,GND,,,,,,,,,,,,,
T17,,,GND,,,,,,,,,,,,,
T18,,,GND,,,,,,,,,,,,,
T19,,,GND,,,,,,,,,,,,,
T20,,,VCCINT,,,,,,,,1.5,,,,,
T21,,,VCCO_6,,,6,,,,,any******,,,,,
T22,,DIFFS,IO_L59N_6,UNUSED,,6,,,,,,,,,,
T23,,DIFFM,IO_L86P_6,UNUSED,,6,,,,,,,,,,
T24,,DIFFS,IO_L86N_6,UNUSED,,6,,,,,,,,,,
T25,,DIFFM,IO_L89P_6,UNUSED,,6,,,,,,,,,,
T26,,DIFFS,IO_L89N_6,UNUSED,,6,,,,,,,,,,
T27,,DIFFM,IO_L88P_6,UNUSED,,6,,,,,,,,,,
T28,,DIFFS,IO_L88N_6,UNUSED,,6,,,,,,,,,,
T29,,DIFFM,IO_L88P_7,UNUSED,,7,,,,,,,,,,
T30,,,VCCAUX,,,,,,,,2.5,,,,,
U1,,DIFFS,IO_L90N_3,UNUSED,,3,,,,,,,,,,
U2,,DIFFS,IO_L87N_3/VREF_3,UNUSED,,3,,,,,,,,,,
U3,,DIFFM,IO_L87P_3,UNUSED,,3,,,,,,,,,,
U4,,DIFFS,IO_L85N_3,UNUSED,,3,,,,,,,,,,
U5,,DIFFM,IO_L85P_3,UNUSED,,3,,,,,,,,,,
U6,,,GND,,,,,,,,,,,,,
U7,,DIFFS,IO_L56N_3,UNUSED,,3,,,,,,,,,,
U8,,DIFFM,IO_L56P_3,UNUSED,,3,,,,,,,,,,
U9,,DIFFM,IO_L59P_3,UNUSED,,3,,,,,,,,,,
U10,,,VCCO_3,,,3,,,,,any******,,,,,
U11,,,VCCINT,,,,,,,,1.5,,,,,
U12,,,GND,,,,,,,,,,,,,
U13,,,GND,,,,,,,,,,,,,
U14,,,GND,,,,,,,,,,,,,
U15,,,GND,,,,,,,,,,,,,
U16,,,GND,,,,,,,,,,,,,
U17,,,GND,,,,,,,,,,,,,
U18,,,GND,,,,,,,,,,,,,
U19,,,GND,,,,,,,,,,,,,
U20,,,VCCINT,,,,,,,,1.5,,,,,
U21,,,VCCO_6,,,6,,,,,any******,,,,,
U22,,DIFFM,IO_L59P_6,UNUSED,,6,,,,,,,,,,
U23,,DIFFM,IO_L56P_6,UNUSED,,6,,,,,,,,,,
U24,,DIFFS,IO_L56N_6,UNUSED,,6,,,,,,,,,,
U25,,,GND,,,,,,,,,,,,,
U26,,DIFFM,IO_L85P_6,UNUSED,,6,,,,,,,,,,
U27,,DIFFS,IO_L85N_6,UNUSED,,6,,,,,,,,,,
U28,,DIFFM,IO_L87P_6,UNUSED,,6,,,,,,,,,,
U29,,DIFFS,IO_L87N_6/VREF_6,UNUSED,,6,,,,,,,,,,
U30,,DIFFS,IO_L90N_6,UNUSED,,6,,,,,,,,,,
V1,,DIFFM,IO_L90P_3,UNUSED,,3,,,,,,,,,,
V2,,DIFFS,IO_L60N_3,UNUSED,,3,,,,,,,,,,
V3,,DIFFS,IO_L58N_3,UNUSED,,3,,,,,,,,,,
V4,,DIFFM,IO_L58P_3,UNUSED,,3,,,,,,,,,,
V5,,DIFFS,IO_L55N_3,UNUSED,,3,,,,,,,,,,
V6,,DIFFM,IO_L55P_3,UNUSED,,3,,,,,,,,,,
V7,,DIFFS,IO_L53N_3,UNUSED,,3,,,,,,,,,,
V8,,DIFFM,IO_L53P_3,UNUSED,,3,,,,,,,,,,
V9,,,VCCO_3,,,3,,,,,any******,,,,,
V10,,,VCCO_3,,,3,,,,,any******,,,,,
V11,,,VCCINT,,,,,,,,1.5,,,,,
V12,,,GND,,,,,,,,,,,,,
V13,,,GND,,,,,,,,,,,,,
V14,,,GND,,,,,,,,,,,,,
V15,,,GND,,,,,,,,,,,,,
V16,,,GND,,,,,,,,,,,,,
V17,,,GND,,,,,,,,,,,,,
V18,,,GND,,,,,,,,,,,,,
V19,,,GND,,,,,,,,,,,,,
V20,,,VCCINT,,,,,,,,1.5,,,,,
V21,,,VCCO_6,,,6,,,,,any******,,,,,
V22,,,VCCO_6,,,6,,,,,any******,,,,,
V23,,DIFFM,IO_L53P_6,UNUSED,,6,,,,,,,,,,
V24,,DIFFS,IO_L53N_6,UNUSED,,6,,,,,,,,,,
V25,,DIFFM,IO_L55P_6,UNUSED,,6,,,,,,,,,,
V26,,DIFFS,IO_L55N_6,UNUSED,,6,,,,,,,,,,
V27,,DIFFM,IO_L58P_6,UNUSED,,6,,,,,,,,,,
V28,,DIFFS,IO_L58N_6,UNUSED,,6,,,,,,,,,,
V29,,DIFFS,IO_L60N_6,UNUSED,,6,,,,,,,,,,
V30,,DIFFM,IO_L90P_6,UNUSED,,6,,,,,,,,,,
W1,,DIFFS,IO_L57N_3/VREF_3,UNUSED,,3,,,,,,,,,,
W2,,DIFFM,IO_L60P_3,UNUSED,,3,,,,,,,,,,
W3,,DIFFS,IO_L52N_3,UNUSED,,3,,,,,,,,,,
W4,,DIFFM,IO_L52P_3,UNUSED,,3,,,,,,,,,,
W5,,DIFFS,IO_L50N_3,UNUSED,,3,,,,,,,,,,
W6,,DIFFM,IO_L50P_3,UNUSED,,3,,,,,,,,,,
W7,,DIFFS,IO_L47N_3,UNUSED,,3,,,,,,,,,,
W8,,DIFFM,IO_L47P_3,UNUSED,,3,,,,,,,,,,
W9,,,VCCO_3,,,3,,,,,any******,,,,,
W10,,,VCCO_3,,,3,,,,,any******,,,,,
W11,,,VCCINT,,,,,,,,1.5,,,,,
W12,,,GND,,,,,,,,,,,,,
W13,,,GND,,,,,,,,,,,,,
W14,,,GND,,,,,,,,,,,,,
W15,,,GND,,,,,,,,,,,,,
W16,,,GND,,,,,,,,,,,,,
W17,,,GND,,,,,,,,,,,,,
W18,,,GND,,,,,,,,,,,,,
W19,,,GND,,,,,,,,,,,,,
W20,,,VCCINT,,,,,,,,1.5,,,,,
W21,,,VCCO_6,,,6,,,,,any******,,,,,
W22,,,VCCO_6,,,6,,,,,any******,,,,,
W23,,DIFFM,IO_L47P_6,UNUSED,,6,,,,,,,,,,
W24,,DIFFS,IO_L47N_6,UNUSED,,6,,,,,,,,,,
W25,,DIFFM,IO_L50P_6,UNUSED,,6,,,,,,,,,,
W26,,DIFFS,IO_L50N_6,UNUSED,,6,,,,,,,,,,
W27,,DIFFM,IO_L52P_6,UNUSED,,6,,,,,,,,,,
W28,,DIFFS,IO_L52N_6,UNUSED,,6,,,,,,,,,,
W29,,DIFFM,IO_L60P_6,UNUSED,,6,,,,,,,,,,
W30,,DIFFS,IO_L57N_6/VREF_6,UNUSED,,6,,,,,,,,,,
Y1,,DIFFM,IO_L57P_3,UNUSED,,3,,,,,,,,,,
Y2,,DIFFS,IO_L54N_3,UNUSED,,3,,,,,,,,,,
Y3,,,GND,,,,,,,,,,,,,
Y4,,DIFFS,IO_L49N_3,UNUSED,,3,,,,,,,,,,
Y5,,DIFFM,IO_L49P_3,UNUSED,,3,,,,,,,,,,
Y6,,,GND,,,,,,,,,,,,,
Y7,,DIFFS,IO_L41N_3,UNUSED,,3,,,,,,,,,,
Y8,,DIFFM,IO_L41P_3,UNUSED,,3,,,,,,,,,,
Y9,,,VCCO_3,,,3,,,,,any******,,,,,
Y10,,,VCCO_3,,,3,,,,,any******,,,,,
Y11,,,GND,,,,,,,,,,,,,
Y12,,,VCCINT,,,,,,,,1.5,,,,,
Y13,,,VCCINT,,,,,,,,1.5,,,,,
Y14,,,VCCINT,,,,,,,,1.5,,,,,
Y15,,,VCCINT,,,,,,,,1.5,,,,,
Y16,,,VCCINT,,,,,,,,1.5,,,,,
Y17,,,VCCINT,,,,,,,,1.5,,,,,
Y18,,,VCCINT,,,,,,,,1.5,,,,,
Y19,,,VCCINT,,,,,,,,1.5,,,,,
Y20,,,GND,,,,,,,,,,,,,
Y21,,,VCCO_6,,,6,,,,,any******,,,,,
Y22,,,VCCO_6,,,6,,,,,any******,,,,,
Y23,,DIFFM,IO_L41P_6,UNUSED,,6,,,,,,,,,,
Y24,,DIFFS,IO_L41N_6,UNUSED,,6,,,,,,,,,,
Y25,,,GND,,,,,,,,,,,,,
Y26,,DIFFM,IO_L49P_6,UNUSED,,6,,,,,,,,,,
Y27,,DIFFS,IO_L49N_6,UNUSED,,6,,,,,,,,,,
Y28,,,GND,,,,,,,,,,,,,
Y29,,DIFFS,IO_L54N_6,UNUSED,,6,,,,,,,,,,
Y30,,DIFFM,IO_L57P_6,UNUSED,,6,,,,,,,,,,

# -----,-----,-----,-----,-----,-----,-----,-----,-----,-----,-----,-----,-----,-----,-----,-----,
# 
#* Default value.
#** This default Pullup/Pulldown value can be overridden in Bitgen. 
#****** Special VCCO requirements may apply. Please consult the device 
#       family datasheet for specific guideline on VCCO requirements. 
#
#
#