<?xml version="1.0" encoding="UTF-8"?>
<!-- IMPORTANT: This is an internal file that has been generated
     by the Xilinx ISE software.  Any direct editing or
     changes made to this file may result in unpredictable
     behavior or data corruption.  It is strongly advised that
     users do not edit the contents of this file. -->
<DeviceUsageSummary rev="2">
<DesignStatistics TimeStamp="Sat Feb  7 00:06:47 2026"><group name="NetStatistics">
<item name="NumNets_Active" rev="2">
<attrib name="value" value="38745"/></item>
<item name="NumNets_Gnd" rev="2">
<attrib name="value" value="1"/></item>
<item name="NumNets_Vcc" rev="2">
<attrib name="value" value="1"/></item>
<item name="NumNodesOfType_Active_BRAMADDR" rev="2">
<attrib name="value" value="1949"/></item>
<item name="NumNodesOfType_Active_BRAMDUMMY" rev="2">
<attrib name="value" value="2549"/></item>
<item name="NumNodesOfType_Active_CLKPIN" rev="2">
<attrib name="value" value="11811"/></item>
<item name="NumNodesOfType_Active_CNTRLPIN" rev="2">
<attrib name="value" value="15852"/></item>
<item name="NumNodesOfType_Active_DOUBLE" rev="2">
<attrib name="value" value="86082"/></item>
<item name="NumNodesOfType_Active_DUMMY" rev="2">
<attrib name="value" value="69489"/></item>
<item name="NumNodesOfType_Active_DUMMYBANK" rev="2">
<attrib name="value" value="2106"/></item>
<item name="NumNodesOfType_Active_DUMMYESC" rev="2">
<attrib name="value" value="12"/></item>
<item name="NumNodesOfType_Active_GLOBAL" rev="2">
<attrib name="value" value="1214"/></item>
<item name="NumNodesOfType_Active_HFULLHEX" rev="2">
<attrib name="value" value="1020"/></item>
<item name="NumNodesOfType_Active_HLONG" rev="2">
<attrib name="value" value="426"/></item>
<item name="NumNodesOfType_Active_HUNIHEX" rev="2">
<attrib name="value" value="10899"/></item>
<item name="NumNodesOfType_Active_INPUT" rev="2">
<attrib name="value" value="98810"/></item>
<item name="NumNodesOfType_Active_IOBOUTPUT" rev="2">
<attrib name="value" value="254"/></item>
<item name="NumNodesOfType_Active_OMUX" rev="2">
<attrib name="value" value="30032"/></item>
<item name="NumNodesOfType_Active_OUTPUT" rev="2">
<attrib name="value" value="38138"/></item>
<item name="NumNodesOfType_Active_PREBXBY" rev="2">
<attrib name="value" value="21977"/></item>
<item name="NumNodesOfType_Active_VFULLHEX" rev="2">
<attrib name="value" value="5464"/></item>
<item name="NumNodesOfType_Active_VLONG" rev="2">
<attrib name="value" value="1050"/></item>
<item name="NumNodesOfType_Active_VUNIHEX" rev="2">
<attrib name="value" value="8096"/></item>
<item name="NumNodesOfType_Vcc_CNTRLPIN" rev="2">
<attrib name="value" value="210"/></item>
<item name="NumNodesOfType_Vcc_DUMMY" rev="2">
<attrib name="value" value="3232"/></item>
<item name="NumNodesOfType_Vcc_INPUT" rev="2">
<attrib name="value" value="6709"/></item>
<item name="NumNodesOfType_Vcc_PREBXBY" rev="2">
<attrib name="value" value="298"/></item>
<item name="NumNodesOfType_Vcc_VCCOUT" rev="2">
<attrib name="value" value="786"/></item>
</group>
<group name="MiscellaneousStatistics">
<item name="AGG_BONDED_IO" rev="1">
<attrib name="value" value="356"/></item>
<item name="AGG_IO" rev="1">
<attrib name="value" value="356"/></item>
<item name="NUM_4_INPUT_LUT" rev="1">
<attrib name="value" value="22423"/></item>
<item name="NUM_BONDED_IOB" rev="1">
<attrib name="value" value="356"/></item>
<item name="NUM_BUFGMUX" rev="1">
<attrib name="value" value="8"/></item>
<item name="NUM_DCM" rev="1">
<attrib name="value" value="6"/></item>
<item name="NUM_DP_RAM" rev="1">
<attrib name="value" value="1820"/></item>
<item name="NUM_IOB_FF" rev="1">
<attrib name="value" value="651"/></item>
<item name="NUM_LUT_RT" rev="1">
<attrib name="value" value="1220"/></item>
<item name="NUM_RAM16" rev="1">
<attrib name="value" value="160"/></item>
<item name="NUM_RAM32" rev="1">
<attrib name="value" value="384"/></item>
<item name="NUM_RAMB16" rev="1">
<attrib name="value" value="106"/></item>
<item name="NUM_SHIFT" rev="1">
<attrib name="value" value="576"/></item>
<item name="NUM_SLICE" rev="1">
<attrib name="value" value="14569"/></item>
<item name="NUM_SLICE_FF" rev="1">
<attrib name="value" value="14327"/></item>
<item name="Xilinx Core cam_v5_1, Xilinx CORE Generator 10.1.03_ip3" rev="1">
<attrib name="value" value="3"/></item>
<item name="Xilinx Core fifo_generator_v3_2, Xilinx CORE Generator 10.1.03_ip3" rev="1">
<attrib name="value" value="4"/></item>
<item name="Xilinx Core fifo_generator_v4_2, Xilinx CORE Generator 10.1.03_ip3" rev="1">
<attrib name="value" value="26"/></item>
</group>
</DesignStatistics>
<DeviceUsage TimeStamp="Sat Feb  7 00:06:47 2026"><group name="SiteSummary">
<item name="BUFGMUX" rev="2">
<attrib name="total" value="1000000"/><attrib name="used" value="8"/></item>
<item name="BUFGMUX_GCLKMUX" rev="2">
<attrib name="total" value="1000000"/><attrib name="used" value="8"/></item>
<item name="BUFGMUX_GCLK_BUFFER" rev="2">
<attrib name="total" value="1000000"/><attrib name="used" value="8"/></item>
<item name="DCM" rev="2">
<attrib name="total" value="1000000"/><attrib name="used" value="6"/></item>
<item name="DCM_DCM" rev="2">
<attrib name="total" value="1000000"/><attrib name="used" value="6"/></item>
<item name="IOB" rev="2">
<attrib name="total" value="1000000"/><attrib name="used" value="356"/></item>
<item name="IOB_DELAY" rev="2">
<attrib name="total" value="1000000"/><attrib name="used" value="101"/></item>
<item name="IOB_IFF1" rev="2">
<attrib name="total" value="1000000"/><attrib name="used" value="219"/></item>
<item name="IOB_IFF2" rev="2">
<attrib name="total" value="1000000"/><attrib name="used" value="23"/></item>
<item name="IOB_INBUF" rev="2">
<attrib name="total" value="1000000"/><attrib name="used" value="234"/></item>
<item name="IOB_OFF1" rev="2">
<attrib name="total" value="1000000"/><attrib name="used" value="247"/></item>
<item name="IOB_OFF2" rev="2">
<attrib name="total" value="1000000"/><attrib name="used" value="26"/></item>
<item name="IOB_OFFDDRBLACKBOX" rev="2">
<attrib name="total" value="1000000"/><attrib name="used" value="26"/></item>
<item name="IOB_OUTBUF" rev="2">
<attrib name="total" value="1000000"/><attrib name="used" value="259"/></item>
<item name="IOB_PAD" rev="2">
<attrib name="total" value="1000000"/><attrib name="used" value="356"/></item>
<item name="IOB_TFF1" rev="2">
<attrib name="total" value="1000000"/><attrib name="used" value="136"/></item>
<item name="RAMB16" rev="2">
<attrib name="total" value="1000000"/><attrib name="used" value="106"/></item>
<item name="RAMB16_RAMB16" rev="2">
<attrib name="total" value="1000000"/><attrib name="used" value="106"/></item>
<item name="RAMB16_RAMB16A" rev="2">
<attrib name="total" value="1000000"/><attrib name="used" value="106"/></item>
<item name="RAMB16_RAMB16B" rev="2">
<attrib name="total" value="1000000"/><attrib name="used" value="106"/></item>
<item name="SLICE" rev="2">
<attrib name="total" value="1000000"/><attrib name="used" value="14569"/></item>
<item name="SLICE_BXOUTUSED" rev="2">
<attrib name="total" value="1000000"/><attrib name="used" value="192"/></item>
<item name="SLICE_C1VDD" rev="2">
<attrib name="total" value="1000000"/><attrib name="used" value="155"/></item>
<item name="SLICE_C2VDD" rev="2">
<attrib name="total" value="1000000"/><attrib name="used" value="170"/></item>
<item name="SLICE_CYMUXF" rev="2">
<attrib name="total" value="1000000"/><attrib name="used" value="2084"/></item>
<item name="SLICE_CYMUXG" rev="2">
<attrib name="total" value="1000000"/><attrib name="used" value="1862"/></item>
<item name="SLICE_F" rev="2">
<attrib name="total" value="1000000"/><attrib name="used" value="10797"/></item>
<item name="SLICE_F5MUX" rev="2">
<attrib name="total" value="1000000"/><attrib name="used" value="1062"/></item>
<item name="SLICE_F6MUX" rev="2">
<attrib name="total" value="1000000"/><attrib name="used" value="213"/></item>
<item name="SLICE_FAND" rev="2">
<attrib name="total" value="1000000"/><attrib name="used" value="3"/></item>
<item name="SLICE_FFX" rev="2">
<attrib name="total" value="1000000"/><attrib name="used" value="5943"/></item>
<item name="SLICE_FFY" rev="2">
<attrib name="total" value="1000000"/><attrib name="used" value="8384"/></item>
<item name="SLICE_G" rev="2">
<attrib name="total" value="1000000"/><attrib name="used" value="11626"/></item>
<item name="SLICE_GAND" rev="2">
<attrib name="total" value="1000000"/><attrib name="used" value="1"/></item>
<item name="SLICE_GNDF" rev="2">
<attrib name="total" value="1000000"/><attrib name="used" value="1348"/></item>
<item name="SLICE_GNDG" rev="2">
<attrib name="total" value="1000000"/><attrib name="used" value="1186"/></item>
<item name="SLICE_WSGEN" rev="2">
<attrib name="total" value="1000000"/><attrib name="used" value="1527"/></item>
<item name="SLICE_XORF" rev="2">
<attrib name="total" value="1000000"/><attrib name="used" value="1413"/></item>
<item name="SLICE_XORG" rev="2">
<attrib name="total" value="1000000"/><attrib name="used" value="1088"/></item>
<item name="SLICE_YBUSED" rev="2">
<attrib name="total" value="1000000"/><attrib name="used" value="78"/></item>
</group>
</DeviceUsage>
<ReportConfigData TimeStamp="Sat Feb  7 00:06:47 2026"><group name="IOB_OFF1">
<item name="LATCH_OR_FF" rev="2">
<attrib name="FF" value="247"/></item>
<item name="OFF1_INIT_ATTR" rev="2">
<attrib name="INIT0" value="247"/></item>
<item name="OFF1_SR_ATTR" rev="2">
<attrib name="SRLOW" value="70"/></item>
<item name="OFFATTRBOX" rev="2">
<attrib name="SYNC" value="70"/></item>
</group>
<group name="IOB_OFF2">
<item name="LATCH_OR_FF" rev="2">
<attrib name="FF" value="26"/></item>
<item name="OFF2_INIT_ATTR" rev="2">
<attrib name="INIT0" value="26"/></item>
<item name="OFF2_SR_ATTR" rev="2">
<attrib name="SRLOW" value="20"/></item>
<item name="OFFATTRBOX" rev="2">
<attrib name="SYNC" value="20"/></item>
</group>
<group name="RAMB16_RAMB16A">
<item name="PORTA_ATTR" rev="2">
<attrib name="16384X1" value="8"/><attrib name="512X36" value="48"/><attrib name="8192X2" value="20"/><attrib name="1024X18" value="18"/><attrib name="4096X4" value="12"/></item>
<item name="WRITEMODEA" rev="2">
<attrib name="WRITE_FIRST" value="83"/><attrib name="READ_FIRST" value="23"/></item>
</group>
<group name="RAMB16_RAMB16B">
<item name="PORTB_ATTR" rev="2">
<attrib name="512X36" value="84"/><attrib name="1024X18" value="22"/></item>
<item name="WRITEMODEB" rev="2">
<attrib name="WRITE_FIRST" value="86"/><attrib name="READ_FIRST" value="20"/></item>
</group>
<group name="IOB_IFF1">
<item name="IFF1_INIT_ATTR" rev="2">
<attrib name="INIT0" value="219"/></item>
<item name="IFF1_SR_ATTR" rev="2">
<attrib name="SRLOW" value="20"/></item>
<item name="IFFATTRBOX" rev="2">
<attrib name="ASYNC" value="20"/></item>
<item name="LATCH_OR_FF" rev="2">
<attrib name="FF" value="219"/></item>
</group>
<group name="IOB_IFF2">
<item name="IFF2_INIT_ATTR" rev="2">
<attrib name="INIT0" value="23"/></item>
<item name="IFF2_SR_ATTR" rev="2">
<attrib name="SRLOW" value="20"/></item>
<item name="IFFATTRBOX" rev="2">
<attrib name="ASYNC" value="20"/></item>
<item name="LATCH_OR_FF" rev="2">
<attrib name="FF" value="23"/></item>
</group>
<group name="SLICE_FFX">
<item name="FFX_INIT_ATTR" rev="2">
<attrib name="INIT0" value="5646"/><attrib name="INIT1" value="297"/></item>
<item name="FFX_SR_ATTR" rev="2">
<attrib name="SRLOW" value="5580"/><attrib name="SRHIGH" value="363"/></item>
<item name="LATCH_OR_FF" rev="2">
<attrib name="FF" value="5943"/></item>
<item name="SYNC_ATTR" rev="2">
<attrib name="ASYNC" value="3590"/><attrib name="SYNC" value="2353"/></item>
</group>
<group name="SLICE_FFY">
<item name="FFY_INIT_ATTR" rev="2">
<attrib name="INIT0" value="8092"/><attrib name="INIT1" value="292"/></item>
<item name="FFY_SR_ATTR" rev="2">
<attrib name="SRLOW" value="7906"/><attrib name="SRHIGH" value="478"/></item>
<item name="LATCH_OR_FF" rev="2">
<attrib name="FF" value="8384"/></item>
<item name="SYNC_ATTR" rev="2">
<attrib name="ASYNC" value="4868"/><attrib name="SYNC" value="3516"/></item>
</group>
<group name="IOB_TFF1">
<item name="LATCH_OR_FF" rev="2">
<attrib name="FF" value="136"/></item>
<item name="TFF1_INIT_ATTR" rev="2">
<attrib name="INIT0" value="72"/><attrib name="INIT1" value="64"/></item>
<item name="TFF1_SR_ATTR" rev="2">
<attrib name="SRHIGH" value="64"/></item>
<item name="TFFATTRBOX" rev="2">
<attrib name="SYNC" value="64"/></item>
</group>
<group name="BUFGMUX_GCLKMUX">
<item name="DISABLE_ATTR" rev="2">
<attrib name="LOW" value="8"/></item>
</group>
<group name="SLICE_WSGEN">
<item name="SYNC_ATTR" rev="2">
<attrib name="ASYNC" value="460"/></item>
</group>
<group name="SLICE_F">
<item name="F_ATTR" rev="2">
<attrib name="DUAL_PORT" value="904"/><attrib name="SHIFT_REG" value="237"/></item>
<item name="LUT_OR_MEM" rev="2">
<attrib name="LUT" value="9384"/><attrib name="RAM" value="1413"/></item>
</group>
<group name="SLICE_G">
<item name="G_ATTR" rev="2">
<attrib name="DUAL_PORT" value="916"/><attrib name="SHIFT_REG" value="339"/></item>
<item name="LUT_OR_MEM" rev="2">
<attrib name="LUT" value="10099"/><attrib name="RAM" value="1527"/></item>
</group>
<group name="IOB_PAD">
<item name="DRIVEATTRBOX" rev="2">
<attrib name="12" value="259"/></item>
<item name="IOATTRBOX" rev="2">
<attrib name="LVCMOS25" value="356"/></item>
<item name="SLEW" rev="2">
<attrib name="SLOW" value="235"/><attrib name="FAST" value="24"/></item>
</group>
<group name="DCM_DCM">
<item name="CLKDV_DIVIDE" rev="2">
<attrib name="2" value="6"/></item>
<item name="CLKOUT_PHASE_SHIFT" rev="2">
<attrib name="NONE" value="2"/><attrib name="FIXED" value="4"/></item>
<item name="CLK_FEEDBACK" rev="2">
<attrib name="1X" value="6"/></item>
<item name="DESKEW_ADJUST" rev="2">
<attrib name="7" value="6"/></item>
<item name="DFS_FREQUENCY_MODE" rev="2">
<attrib name="LOW" value="6"/></item>
<item name="DLL_FREQUENCY_MODE" rev="2">
<attrib name="LOW" value="6"/></item>
<item name="DSS_MODE" rev="2">
<attrib name="NONE" value="6"/></item>
<item name="DUTY_CYCLE_CORRECTION" rev="2">
<attrib name="TRUE" value="6"/></item>
<item name="FACTORY_JF1" rev="2">
<attrib name="0XC0" value="6"/></item>
<item name="FACTORY_JF2" rev="2">
<attrib name="0X80" value="6"/></item>
</group>
</ReportConfigData>
<ReportPinData TimeStamp="Sat Feb  7 00:06:47 2026"><group name="SLICE_F6MUX">
<item name="0" rev="2">
<attrib name="value" value="213"/></item>
<item name="1" rev="2">
<attrib name="value" value="213"/></item>
<item name="OUT" rev="2">
<attrib name="value" value="213"/></item>
<item name="S0" rev="2">
<attrib name="value" value="213"/></item>
</group>
<group name="SLICE_BXOUTUSED">
<item name="0" rev="2">
<attrib name="value" value="192"/></item>
<item name="OUT" rev="2">
<attrib name="value" value="192"/></item>
</group>
<group name="BUFGMUX_GCLK_BUFFER">
<item name="IN" rev="2">
<attrib name="value" value="8"/></item>
<item name="OUT" rev="2">
<attrib name="value" value="8"/></item>
</group>
<group name="IOB_OFFDDRBLACKBOX">
<item name="OFF1" rev="2">
<attrib name="value" value="26"/></item>
<item name="OFF2" rev="2">
<attrib name="value" value="26"/></item>
<item name="OFFDDR" rev="2">
<attrib name="value" value="26"/></item>
</group>
<group name="RAMB16">
<item name="ADDRA0" rev="2">
<attrib name="value" value="8"/></item>
<item name="ADDRA1" rev="2">
<attrib name="value" value="28"/></item>
<item name="ADDRA10" rev="2">
<attrib name="value" value="106"/></item>
<item name="ADDRA11" rev="2">
<attrib name="value" value="106"/></item>
<item name="ADDRA12" rev="2">
<attrib name="value" value="106"/></item>
<item name="ADDRA13" rev="2">
<attrib name="value" value="106"/></item>
<item name="ADDRA2" rev="2">
<attrib name="value" value="40"/></item>
<item name="ADDRA3" rev="2">
<attrib name="value" value="40"/></item>
<item name="ADDRA4" rev="2">
<attrib name="value" value="58"/></item>
<item name="ADDRA5" rev="2">
<attrib name="value" value="106"/></item>
<item name="ADDRA6" rev="2">
<attrib name="value" value="106"/></item>
<item name="ADDRA7" rev="2">
<attrib name="value" value="106"/></item>
<item name="ADDRA8" rev="2">
<attrib name="value" value="106"/></item>
<item name="ADDRA9" rev="2">
<attrib name="value" value="106"/></item>
<item name="ADDRB10" rev="2">
<attrib name="value" value="106"/></item>
<item name="ADDRB11" rev="2">
<attrib name="value" value="106"/></item>
<item name="ADDRB12" rev="2">
<attrib name="value" value="106"/></item>
<item name="ADDRB13" rev="2">
<attrib name="value" value="106"/></item>
<item name="ADDRB4" rev="2">
<attrib name="value" value="22"/></item>
<item name="ADDRB5" rev="2">
<attrib name="value" value="106"/></item>
<item name="ADDRB6" rev="2">
<attrib name="value" value="106"/></item>
<item name="ADDRB7" rev="2">
<attrib name="value" value="106"/></item>
<item name="ADDRB8" rev="2">
<attrib name="value" value="106"/></item>
<item name="ADDRB9" rev="2">
<attrib name="value" value="106"/></item>
<item name="CLKA" rev="2">
<attrib name="value" value="106"/></item>
<item name="CLKB" rev="2">
<attrib name="value" value="106"/></item>
<item name="DIA0" rev="2">
<attrib name="value" value="86"/></item>
<item name="DIA1" rev="2">
<attrib name="value" value="78"/></item>
<item name="DIA10" rev="2">
<attrib name="value" value="58"/></item>
<item name="DIA11" rev="2">
<attrib name="value" value="58"/></item>
<item name="DIA12" rev="2">
<attrib name="value" value="58"/></item>
<item name="DIA13" rev="2">
<attrib name="value" value="58"/></item>
<item name="DIA14" rev="2">
<attrib name="value" value="58"/></item>
<item name="DIA15" rev="2">
<attrib name="value" value="58"/></item>
<item name="DIA16" rev="2">
<attrib name="value" value="48"/></item>
<item name="DIA17" rev="2">
<attrib name="value" value="48"/></item>
<item name="DIA18" rev="2">
<attrib name="value" value="48"/></item>
<item name="DIA19" rev="2">
<attrib name="value" value="48"/></item>
<item name="DIA2" rev="2">
<attrib name="value" value="58"/></item>
<item name="DIA20" rev="2">
<attrib name="value" value="48"/></item>
<item name="DIA21" rev="2">
<attrib name="value" value="48"/></item>
<item name="DIA22" rev="2">
<attrib name="value" value="48"/></item>
<item name="DIA23" rev="2">
<attrib name="value" value="48"/></item>
<item name="DIA24" rev="2">
<attrib name="value" value="48"/></item>
<item name="DIA25" rev="2">
<attrib name="value" value="48"/></item>
<item name="DIA26" rev="2">
<attrib name="value" value="48"/></item>
<item name="DIA27" rev="2">
<attrib name="value" value="48"/></item>
<item name="DIA28" rev="2">
<attrib name="value" value="48"/></item>
<item name="DIA29" rev="2">
<attrib name="value" value="48"/></item>
<item name="DIA3" rev="2">
<attrib name="value" value="58"/></item>
<item name="DIA30" rev="2">
<attrib name="value" value="48"/></item>
<item name="DIA31" rev="2">
<attrib name="value" value="48"/></item>
<item name="DIA4" rev="2">
<attrib name="value" value="58"/></item>
<item name="DIA5" rev="2">
<attrib name="value" value="58"/></item>
<item name="DIA6" rev="2">
<attrib name="value" value="58"/></item>
<item name="DIA7" rev="2">
<attrib name="value" value="58"/></item>
<item name="DIA8" rev="2">
<attrib name="value" value="58"/></item>
<item name="DIA9" rev="2">
<attrib name="value" value="58"/></item>
<item name="DIB0" rev="2">
<attrib name="value" value="34"/></item>
<item name="DIB1" rev="2">
<attrib name="value" value="34"/></item>
<item name="DIB10" rev="2">
<attrib name="value" value="34"/></item>
<item name="DIB11" rev="2">
<attrib name="value" value="34"/></item>
<item name="DIB12" rev="2">
<attrib name="value" value="34"/></item>
<item name="DIB13" rev="2">
<attrib name="value" value="34"/></item>
<item name="DIB14" rev="2">
<attrib name="value" value="34"/></item>
<item name="DIB15" rev="2">
<attrib name="value" value="34"/></item>
<item name="DIB16" rev="2">
<attrib name="value" value="33"/></item>
<item name="DIB17" rev="2">
<attrib name="value" value="33"/></item>
<item name="DIB18" rev="2">
<attrib name="value" value="33"/></item>
<item name="DIB19" rev="2">
<attrib name="value" value="33"/></item>
<item name="DIB2" rev="2">
<attrib name="value" value="34"/></item>
<item name="DIB20" rev="2">
<attrib name="value" value="33"/></item>
<item name="DIB21" rev="2">
<attrib name="value" value="33"/></item>
<item name="DIB22" rev="2">
<attrib name="value" value="33"/></item>
<item name="DIB23" rev="2">
<attrib name="value" value="33"/></item>
<item name="DIB24" rev="2">
<attrib name="value" value="33"/></item>
<item name="DIB25" rev="2">
<attrib name="value" value="33"/></item>
<item name="DIB26" rev="2">
<attrib name="value" value="33"/></item>
<item name="DIB27" rev="2">
<attrib name="value" value="33"/></item>
<item name="DIB28" rev="2">
<attrib name="value" value="33"/></item>
<item name="DIB29" rev="2">
<attrib name="value" value="33"/></item>
<item name="DIB3" rev="2">
<attrib name="value" value="34"/></item>
<item name="DIB30" rev="2">
<attrib name="value" value="33"/></item>
<item name="DIB31" rev="2">
<attrib name="value" value="33"/></item>
<item name="DIB4" rev="2">
<attrib name="value" value="34"/></item>
<item name="DIB5" rev="2">
<attrib name="value" value="34"/></item>
<item name="DIB6" rev="2">
<attrib name="value" value="34"/></item>
<item name="DIB7" rev="2">
<attrib name="value" value="34"/></item>
<item name="DIB8" rev="2">
<attrib name="value" value="34"/></item>
<item name="DIB9" rev="2">
<attrib name="value" value="34"/></item>
<item name="DIPA0" rev="2">
<attrib name="value" value="58"/></item>
<item name="DIPA1" rev="2">
<attrib name="value" value="58"/></item>
<item name="DIPA2" rev="2">
<attrib name="value" value="48"/></item>
<item name="DIPA3" rev="2">
<attrib name="value" value="48"/></item>
<item name="DIPB0" rev="2">
<attrib name="value" value="34"/></item>
<item name="DIPB1" rev="2">
<attrib name="value" value="34"/></item>
<item name="DIPB2" rev="2">
<attrib name="value" value="33"/></item>
<item name="DIPB3" rev="2">
<attrib name="value" value="33"/></item>
<item name="DOA0" rev="2">
<attrib name="value" value="36"/></item>
<item name="DOA1" rev="2">
<attrib name="value" value="32"/></item>
<item name="DOA10" rev="2">
<attrib name="value" value="24"/></item>
<item name="DOA11" rev="2">
<attrib name="value" value="24"/></item>
<item name="DOA12" rev="2">
<attrib name="value" value="24"/></item>
<item name="DOA13" rev="2">
<attrib name="value" value="24"/></item>
<item name="DOA14" rev="2">
<attrib name="value" value="24"/></item>
<item name="DOA15" rev="2">
<attrib name="value" value="24"/></item>
<item name="DOA16" rev="2">
<attrib name="value" value="14"/></item>
<item name="DOA17" rev="2">
<attrib name="value" value="14"/></item>
<item name="DOA18" rev="2">
<attrib name="value" value="14"/></item>
<item name="DOA19" rev="2">
<attrib name="value" value="7"/></item>
<item name="DOA2" rev="2">
<attrib name="value" value="32"/></item>
<item name="DOA20" rev="2">
<attrib name="value" value="7"/></item>
<item name="DOA21" rev="2">
<attrib name="value" value="7"/></item>
<item name="DOA22" rev="2">
<attrib name="value" value="7"/></item>
<item name="DOA23" rev="2">
<attrib name="value" value="7"/></item>
<item name="DOA24" rev="2">
<attrib name="value" value="7"/></item>
<item name="DOA25" rev="2">
<attrib name="value" value="7"/></item>
<item name="DOA26" rev="2">
<attrib name="value" value="7"/></item>
<item name="DOA27" rev="2">
<attrib name="value" value="7"/></item>
<item name="DOA28" rev="2">
<attrib name="value" value="7"/></item>
<item name="DOA29" rev="2">
<attrib name="value" value="7"/></item>
<item name="DOA3" rev="2">
<attrib name="value" value="32"/></item>
<item name="DOA30" rev="2">
<attrib name="value" value="7"/></item>
<item name="DOA31" rev="2">
<attrib name="value" value="7"/></item>
<item name="DOA4" rev="2">
<attrib name="value" value="24"/></item>
<item name="DOA5" rev="2">
<attrib name="value" value="24"/></item>
<item name="DOA6" rev="2">
<attrib name="value" value="24"/></item>
<item name="DOA7" rev="2">
<attrib name="value" value="24"/></item>
<item name="DOA8" rev="2">
<attrib name="value" value="24"/></item>
<item name="DOA9" rev="2">
<attrib name="value" value="24"/></item>
<item name="DOB0" rev="2">
<attrib name="value" value="83"/></item>
<item name="DOB1" rev="2">
<attrib name="value" value="80"/></item>
<item name="DOB10" rev="2">
<attrib name="value" value="83"/></item>
<item name="DOB11" rev="2">
<attrib name="value" value="75"/></item>
<item name="DOB12" rev="2">
<attrib name="value" value="79"/></item>
<item name="DOB13" rev="2">
<attrib name="value" value="75"/></item>
<item name="DOB14" rev="2">
<attrib name="value" value="78"/></item>
<item name="DOB15" rev="2">
<attrib name="value" value="74"/></item>
<item name="DOB16" rev="2">
<attrib name="value" value="60"/></item>
<item name="DOB17" rev="2">
<attrib name="value" value="60"/></item>
<item name="DOB18" rev="2">
<attrib name="value" value="60"/></item>
<item name="DOB19" rev="2">
<attrib name="value" value="52"/></item>
<item name="DOB2" rev="2">
<attrib name="value" value="84"/></item>
<item name="DOB20" rev="2">
<attrib name="value" value="52"/></item>
<item name="DOB21" rev="2">
<attrib name="value" value="52"/></item>
<item name="DOB22" rev="2">
<attrib name="value" value="51"/></item>
<item name="DOB23" rev="2">
<attrib name="value" value="51"/></item>
<item name="DOB24" rev="2">
<attrib name="value" value="56"/></item>
<item name="DOB25" rev="2">
<attrib name="value" value="56"/></item>
<item name="DOB26" rev="2">
<attrib name="value" value="56"/></item>
<item name="DOB27" rev="2">
<attrib name="value" value="52"/></item>
<item name="DOB28" rev="2">
<attrib name="value" value="52"/></item>
<item name="DOB29" rev="2">
<attrib name="value" value="51"/></item>
<item name="DOB3" rev="2">
<attrib name="value" value="80"/></item>
<item name="DOB30" rev="2">
<attrib name="value" value="50"/></item>
<item name="DOB31" rev="2">
<attrib name="value" value="51"/></item>
<item name="DOB4" rev="2">
<attrib name="value" value="80"/></item>
<item name="DOB5" rev="2">
<attrib name="value" value="76"/></item>
<item name="DOB6" rev="2">
<attrib name="value" value="79"/></item>
<item name="DOB7" rev="2">
<attrib name="value" value="75"/></item>
<item name="DOB8" rev="2">
<attrib name="value" value="83"/></item>
<item name="DOB9" rev="2">
<attrib name="value" value="79"/></item>
<item name="DOPA0" rev="2">
<attrib name="value" value="8"/></item>
<item name="DOPA1" rev="2">
<attrib name="value" value="8"/></item>
<item name="DOPB0" rev="2">
<attrib name="value" value="34"/></item>
<item name="DOPB1" rev="2">
<attrib name="value" value="33"/></item>
<item name="DOPB2" rev="2">
<attrib name="value" value="33"/></item>
<item name="DOPB3" rev="2">
<attrib name="value" value="33"/></item>
<item name="ENA" rev="2">
<attrib name="value" value="106"/></item>
<item name="ENB" rev="2">
<attrib name="value" value="106"/></item>
<item name="SSRA" rev="2">
<attrib name="value" value="106"/></item>
<item name="SSRB" rev="2">
<attrib name="value" value="106"/></item>
<item name="WEA" rev="2">
<attrib name="value" value="106"/></item>
<item name="WEB" rev="2">
<attrib name="value" value="106"/></item>
</group>
<group name="IOB_OFF1">
<item name="CE" rev="2">
<attrib name="value" value="40"/></item>
<item name="CK" rev="2">
<attrib name="value" value="247"/></item>
<item name="D" rev="2">
<attrib name="value" value="247"/></item>
<item name="Q" rev="2">
<attrib name="value" value="247"/></item>
<item name="REV" rev="2">
<attrib name="value" value="1"/></item>
<item name="SR" rev="2">
<attrib name="value" value="70"/></item>
</group>
<group name="IOB_OFF2">
<item name="CK" rev="2">
<attrib name="value" value="26"/></item>
<item name="D" rev="2">
<attrib name="value" value="26"/></item>
<item name="Q" rev="2">
<attrib name="value" value="26"/></item>
<item name="SR" rev="2">
<attrib name="value" value="20"/></item>
</group>
<group name="IOB_OUTBUF">
<item name="IN" rev="2">
<attrib name="value" value="259"/></item>
<item name="OUT" rev="2">
<attrib name="value" value="259"/></item>
<item name="TRI" rev="2">
<attrib name="value" value="137"/></item>
</group>
<group name="RAMB16_RAMB16A">
<item name="ADDRA" rev="2">
<attrib name="value" value="106"/></item>
<item name="ADDRA0" rev="2">
<attrib name="value" value="8"/></item>
<item name="ADDRA1" rev="2">
<attrib name="value" value="28"/></item>
<item name="ADDRA10" rev="2">
<attrib name="value" value="106"/></item>
<item name="ADDRA11" rev="2">
<attrib name="value" value="106"/></item>
<item name="ADDRA12" rev="2">
<attrib name="value" value="106"/></item>
<item name="ADDRA13" rev="2">
<attrib name="value" value="106"/></item>
<item name="ADDRA2" rev="2">
<attrib name="value" value="40"/></item>
<item name="ADDRA3" rev="2">
<attrib name="value" value="40"/></item>
<item name="ADDRA4" rev="2">
<attrib name="value" value="58"/></item>
<item name="ADDRA5" rev="2">
<attrib name="value" value="106"/></item>
<item name="ADDRA6" rev="2">
<attrib name="value" value="106"/></item>
<item name="ADDRA7" rev="2">
<attrib name="value" value="106"/></item>
<item name="ADDRA8" rev="2">
<attrib name="value" value="106"/></item>
<item name="ADDRA9" rev="2">
<attrib name="value" value="106"/></item>
<item name="CLKA" rev="2">
<attrib name="value" value="106"/></item>
<item name="DIA" rev="2">
<attrib name="value" value="106"/></item>
<item name="DIA0" rev="2">
<attrib name="value" value="86"/></item>
<item name="DIA1" rev="2">
<attrib name="value" value="78"/></item>
<item name="DIA10" rev="2">
<attrib name="value" value="58"/></item>
<item name="DIA11" rev="2">
<attrib name="value" value="58"/></item>
<item name="DIA12" rev="2">
<attrib name="value" value="58"/></item>
<item name="DIA13" rev="2">
<attrib name="value" value="58"/></item>
<item name="DIA14" rev="2">
<attrib name="value" value="58"/></item>
<item name="DIA15" rev="2">
<attrib name="value" value="58"/></item>
<item name="DIA16" rev="2">
<attrib name="value" value="48"/></item>
<item name="DIA17" rev="2">
<attrib name="value" value="48"/></item>
<item name="DIA18" rev="2">
<attrib name="value" value="48"/></item>
<item name="DIA19" rev="2">
<attrib name="value" value="48"/></item>
<item name="DIA2" rev="2">
<attrib name="value" value="58"/></item>
<item name="DIA20" rev="2">
<attrib name="value" value="48"/></item>
<item name="DIA21" rev="2">
<attrib name="value" value="48"/></item>
<item name="DIA22" rev="2">
<attrib name="value" value="48"/></item>
<item name="DIA23" rev="2">
<attrib name="value" value="48"/></item>
<item name="DIA24" rev="2">
<attrib name="value" value="48"/></item>
<item name="DIA25" rev="2">
<attrib name="value" value="48"/></item>
<item name="DIA26" rev="2">
<attrib name="value" value="48"/></item>
<item name="DIA27" rev="2">
<attrib name="value" value="48"/></item>
<item name="DIA28" rev="2">
<attrib name="value" value="48"/></item>
<item name="DIA29" rev="2">
<attrib name="value" value="48"/></item>
<item name="DIA3" rev="2">
<attrib name="value" value="58"/></item>
<item name="DIA30" rev="2">
<attrib name="value" value="48"/></item>
<item name="DIA31" rev="2">
<attrib name="value" value="48"/></item>
<item name="DIA4" rev="2">
<attrib name="value" value="58"/></item>
<item name="DIA5" rev="2">
<attrib name="value" value="58"/></item>
<item name="DIA6" rev="2">
<attrib name="value" value="58"/></item>
<item name="DIA7" rev="2">
<attrib name="value" value="58"/></item>
<item name="DIA8" rev="2">
<attrib name="value" value="58"/></item>
<item name="DIA9" rev="2">
<attrib name="value" value="58"/></item>
<item name="DIPA0" rev="2">
<attrib name="value" value="58"/></item>
<item name="DIPA1" rev="2">
<attrib name="value" value="58"/></item>
<item name="DIPA2" rev="2">
<attrib name="value" value="48"/></item>
<item name="DIPA3" rev="2">
<attrib name="value" value="48"/></item>
<item name="DOA" rev="2">
<attrib name="value" value="106"/></item>
<item name="DOA0" rev="2">
<attrib name="value" value="36"/></item>
<item name="DOA1" rev="2">
<attrib name="value" value="32"/></item>
<item name="DOA10" rev="2">
<attrib name="value" value="24"/></item>
<item name="DOA11" rev="2">
<attrib name="value" value="24"/></item>
<item name="DOA12" rev="2">
<attrib name="value" value="24"/></item>
<item name="DOA13" rev="2">
<attrib name="value" value="24"/></item>
<item name="DOA14" rev="2">
<attrib name="value" value="24"/></item>
<item name="DOA15" rev="2">
<attrib name="value" value="24"/></item>
<item name="DOA16" rev="2">
<attrib name="value" value="14"/></item>
<item name="DOA17" rev="2">
<attrib name="value" value="14"/></item>
<item name="DOA18" rev="2">
<attrib name="value" value="14"/></item>
<item name="DOA19" rev="2">
<attrib name="value" value="7"/></item>
<item name="DOA2" rev="2">
<attrib name="value" value="32"/></item>
<item name="DOA20" rev="2">
<attrib name="value" value="7"/></item>
<item name="DOA21" rev="2">
<attrib name="value" value="7"/></item>
<item name="DOA22" rev="2">
<attrib name="value" value="7"/></item>
<item name="DOA23" rev="2">
<attrib name="value" value="7"/></item>
<item name="DOA24" rev="2">
<attrib name="value" value="7"/></item>
<item name="DOA25" rev="2">
<attrib name="value" value="7"/></item>
<item name="DOA26" rev="2">
<attrib name="value" value="7"/></item>
<item name="DOA27" rev="2">
<attrib name="value" value="7"/></item>
<item name="DOA28" rev="2">
<attrib name="value" value="7"/></item>
<item name="DOA29" rev="2">
<attrib name="value" value="7"/></item>
<item name="DOA3" rev="2">
<attrib name="value" value="32"/></item>
<item name="DOA30" rev="2">
<attrib name="value" value="7"/></item>
<item name="DOA31" rev="2">
<attrib name="value" value="7"/></item>
<item name="DOA4" rev="2">
<attrib name="value" value="24"/></item>
<item name="DOA5" rev="2">
<attrib name="value" value="24"/></item>
<item name="DOA6" rev="2">
<attrib name="value" value="24"/></item>
<item name="DOA7" rev="2">
<attrib name="value" value="24"/></item>
<item name="DOA8" rev="2">
<attrib name="value" value="24"/></item>
<item name="DOA9" rev="2">
<attrib name="value" value="24"/></item>
<item name="DOPA0" rev="2">
<attrib name="value" value="8"/></item>
<item name="DOPA1" rev="2">
<attrib name="value" value="8"/></item>
<item name="ENA" rev="2">
<attrib name="value" value="106"/></item>
<item name="SSRA" rev="2">
<attrib name="value" value="106"/></item>
<item name="WEA" rev="2">
<attrib name="value" value="106"/></item>
</group>
<group name="SLICE_FAND">
<item name="0" rev="2">
<attrib name="value" value="3"/></item>
<item name="1" rev="2">
<attrib name="value" value="3"/></item>
<item name="O" rev="2">
<attrib name="value" value="3"/></item>
</group>
<group name="RAMB16_RAMB16B">
<item name="ADDRB" rev="2">
<attrib name="value" value="106"/></item>
<item name="ADDRB10" rev="2">
<attrib name="value" value="106"/></item>
<item name="ADDRB11" rev="2">
<attrib name="value" value="106"/></item>
<item name="ADDRB12" rev="2">
<attrib name="value" value="106"/></item>
<item name="ADDRB13" rev="2">
<attrib name="value" value="106"/></item>
<item name="ADDRB4" rev="2">
<attrib name="value" value="22"/></item>
<item name="ADDRB5" rev="2">
<attrib name="value" value="106"/></item>
<item name="ADDRB6" rev="2">
<attrib name="value" value="106"/></item>
<item name="ADDRB7" rev="2">
<attrib name="value" value="106"/></item>
<item name="ADDRB8" rev="2">
<attrib name="value" value="106"/></item>
<item name="ADDRB9" rev="2">
<attrib name="value" value="106"/></item>
<item name="CLKB" rev="2">
<attrib name="value" value="106"/></item>
<item name="DIB" rev="2">
<attrib name="value" value="106"/></item>
<item name="DIB0" rev="2">
<attrib name="value" value="34"/></item>
<item name="DIB1" rev="2">
<attrib name="value" value="34"/></item>
<item name="DIB10" rev="2">
<attrib name="value" value="34"/></item>
<item name="DIB11" rev="2">
<attrib name="value" value="34"/></item>
<item name="DIB12" rev="2">
<attrib name="value" value="34"/></item>
<item name="DIB13" rev="2">
<attrib name="value" value="34"/></item>
<item name="DIB14" rev="2">
<attrib name="value" value="34"/></item>
<item name="DIB15" rev="2">
<attrib name="value" value="34"/></item>
<item name="DIB16" rev="2">
<attrib name="value" value="33"/></item>
<item name="DIB17" rev="2">
<attrib name="value" value="33"/></item>
<item name="DIB18" rev="2">
<attrib name="value" value="33"/></item>
<item name="DIB19" rev="2">
<attrib name="value" value="33"/></item>
<item name="DIB2" rev="2">
<attrib name="value" value="34"/></item>
<item name="DIB20" rev="2">
<attrib name="value" value="33"/></item>
<item name="DIB21" rev="2">
<attrib name="value" value="33"/></item>
<item name="DIB22" rev="2">
<attrib name="value" value="33"/></item>
<item name="DIB23" rev="2">
<attrib name="value" value="33"/></item>
<item name="DIB24" rev="2">
<attrib name="value" value="33"/></item>
<item name="DIB25" rev="2">
<attrib name="value" value="33"/></item>
<item name="DIB26" rev="2">
<attrib name="value" value="33"/></item>
<item name="DIB27" rev="2">
<attrib name="value" value="33"/></item>
<item name="DIB28" rev="2">
<attrib name="value" value="33"/></item>
<item name="DIB29" rev="2">
<attrib name="value" value="33"/></item>
<item name="DIB3" rev="2">
<attrib name="value" value="34"/></item>
<item name="DIB30" rev="2">
<attrib name="value" value="33"/></item>
<item name="DIB31" rev="2">
<attrib name="value" value="33"/></item>
<item name="DIB4" rev="2">
<attrib name="value" value="34"/></item>
<item name="DIB5" rev="2">
<attrib name="value" value="34"/></item>
<item name="DIB6" rev="2">
<attrib name="value" value="34"/></item>
<item name="DIB7" rev="2">
<attrib name="value" value="34"/></item>
<item name="DIB8" rev="2">
<attrib name="value" value="34"/></item>
<item name="DIB9" rev="2">
<attrib name="value" value="34"/></item>
<item name="DIPB0" rev="2">
<attrib name="value" value="34"/></item>
<item name="DIPB1" rev="2">
<attrib name="value" value="34"/></item>
<item name="DIPB2" rev="2">
<attrib name="value" value="33"/></item>
<item name="DIPB3" rev="2">
<attrib name="value" value="33"/></item>
<item name="DOB" rev="2">
<attrib name="value" value="106"/></item>
<item name="DOB0" rev="2">
<attrib name="value" value="83"/></item>
<item name="DOB1" rev="2">
<attrib name="value" value="80"/></item>
<item name="DOB10" rev="2">
<attrib name="value" value="83"/></item>
<item name="DOB11" rev="2">
<attrib name="value" value="75"/></item>
<item name="DOB12" rev="2">
<attrib name="value" value="79"/></item>
<item name="DOB13" rev="2">
<attrib name="value" value="75"/></item>
<item name="DOB14" rev="2">
<attrib name="value" value="78"/></item>
<item name="DOB15" rev="2">
<attrib name="value" value="74"/></item>
<item name="DOB16" rev="2">
<attrib name="value" value="60"/></item>
<item name="DOB17" rev="2">
<attrib name="value" value="60"/></item>
<item name="DOB18" rev="2">
<attrib name="value" value="60"/></item>
<item name="DOB19" rev="2">
<attrib name="value" value="52"/></item>
<item name="DOB2" rev="2">
<attrib name="value" value="84"/></item>
<item name="DOB20" rev="2">
<attrib name="value" value="52"/></item>
<item name="DOB21" rev="2">
<attrib name="value" value="52"/></item>
<item name="DOB22" rev="2">
<attrib name="value" value="51"/></item>
<item name="DOB23" rev="2">
<attrib name="value" value="51"/></item>
<item name="DOB24" rev="2">
<attrib name="value" value="56"/></item>
<item name="DOB25" rev="2">
<attrib name="value" value="56"/></item>
<item name="DOB26" rev="2">
<attrib name="value" value="56"/></item>
<item name="DOB27" rev="2">
<attrib name="value" value="52"/></item>
<item name="DOB28" rev="2">
<attrib name="value" value="52"/></item>
<item name="DOB29" rev="2">
<attrib name="value" value="51"/></item>
<item name="DOB3" rev="2">
<attrib name="value" value="80"/></item>
<item name="DOB30" rev="2">
<attrib name="value" value="50"/></item>
<item name="DOB31" rev="2">
<attrib name="value" value="51"/></item>
<item name="DOB4" rev="2">
<attrib name="value" value="80"/></item>
<item name="DOB5" rev="2">
<attrib name="value" value="76"/></item>
<item name="DOB6" rev="2">
<attrib name="value" value="79"/></item>
<item name="DOB7" rev="2">
<attrib name="value" value="75"/></item>
<item name="DOB8" rev="2">
<attrib name="value" value="83"/></item>
<item name="DOB9" rev="2">
<attrib name="value" value="79"/></item>
<item name="DOPB0" rev="2">
<attrib name="value" value="34"/></item>
<item name="DOPB1" rev="2">
<attrib name="value" value="33"/></item>
<item name="DOPB2" rev="2">
<attrib name="value" value="33"/></item>
<item name="DOPB3" rev="2">
<attrib name="value" value="33"/></item>
<item name="ENB" rev="2">
<attrib name="value" value="106"/></item>
<item name="SSRB" rev="2">
<attrib name="value" value="106"/></item>
<item name="WEB" rev="2">
<attrib name="value" value="106"/></item>
</group>
<group name="IOB_IFF1">
<item name="CK" rev="2">
<attrib name="value" value="219"/></item>
<item name="D" rev="2">
<attrib name="value" value="219"/></item>
<item name="Q" rev="2">
<attrib name="value" value="219"/></item>
<item name="SR" rev="2">
<attrib name="value" value="20"/></item>
</group>
<group name="IOB_IFF2">
<item name="CK" rev="2">
<attrib name="value" value="23"/></item>
<item name="D" rev="2">
<attrib name="value" value="23"/></item>
<item name="Q" rev="2">
<attrib name="value" value="23"/></item>
<item name="SR" rev="2">
<attrib name="value" value="20"/></item>
</group>
<group name="IOB_DELAY">
<item name="IN" rev="2">
<attrib name="value" value="101"/></item>
<item name="OUT" rev="2">
<attrib name="value" value="101"/></item>
</group>
<group name="SLICE_FFX">
<item name="CE" rev="2">
<attrib name="value" value="3057"/></item>
<item name="CK" rev="2">
<attrib name="value" value="5943"/></item>
<item name="D" rev="2">
<attrib name="value" value="5943"/></item>
<item name="Q" rev="2">
<attrib name="value" value="5943"/></item>
<item name="REV" rev="2">
<attrib name="value" value="63"/></item>
<item name="SR" rev="2">
<attrib name="value" value="4281"/></item>
</group>
<group name="SLICE_GNDF">
<item name="0" rev="2">
<attrib name="value" value="1348"/></item>
</group>
<group name="SLICE_FFY">
<item name="CE" rev="2">
<attrib name="value" value="4215"/></item>
<item name="CK" rev="2">
<attrib name="value" value="8384"/></item>
<item name="D" rev="2">
<attrib name="value" value="8384"/></item>
<item name="Q" rev="2">
<attrib name="value" value="8384"/></item>
<item name="REV" rev="2">
<attrib name="value" value="5"/></item>
<item name="SR" rev="2">
<attrib name="value" value="6129"/></item>
</group>
<group name="SLICE_GNDG">
<item name="0" rev="2">
<attrib name="value" value="1186"/></item>
</group>
<group name="SLICE_C2VDD">
<item name="1" rev="2">
<attrib name="value" value="170"/></item>
</group>
<group name="SLICE_F5MUX">
<item name="F" rev="2">
<attrib name="value" value="1061"/></item>
<item name="G" rev="2">
<attrib name="value" value="1062"/></item>
<item name="OUT" rev="2">
<attrib name="value" value="1062"/></item>
<item name="S0" rev="2">
<attrib name="value" value="1062"/></item>
</group>
<group name="IOB_TFF1">
<item name="CK" rev="2">
<attrib name="value" value="136"/></item>
<item name="D" rev="2">
<attrib name="value" value="136"/></item>
<item name="Q" rev="2">
<attrib name="value" value="136"/></item>
<item name="SR" rev="2">
<attrib name="value" value="64"/></item>
</group>
<group name="SLICE_CYMUXF">
<item name="0" rev="2">
<attrib name="value" value="2084"/></item>
<item name="1" rev="2">
<attrib name="value" value="2084"/></item>
<item name="OUT" rev="2">
<attrib name="value" value="2084"/></item>
<item name="S0" rev="2">
<attrib name="value" value="2084"/></item>
</group>
<group name="SLICE_CYMUXG">
<item name="0" rev="2">
<attrib name="value" value="1862"/></item>
<item name="1" rev="2">
<attrib name="value" value="1862"/></item>
<item name="OUT" rev="2">
<attrib name="value" value="1862"/></item>
<item name="S0" rev="2">
<attrib name="value" value="1862"/></item>
</group>
<group name="IOB_INBUF">
<item name="IN" rev="2">
<attrib name="value" value="234"/></item>
<item name="OUT" rev="2">
<attrib name="value" value="234"/></item>
</group>
<group name="BUFGMUX_GCLKMUX">
<item name="I0" rev="2">
<attrib name="value" value="8"/></item>
<item name="I1" rev="2">
<attrib name="value" value="3"/></item>
<item name="OUT" rev="2">
<attrib name="value" value="8"/></item>
<item name="S" rev="2">
<attrib name="value" value="8"/></item>
</group>
<group name="SLICE">
<item name="BX" rev="2">
<attrib name="value" value="5032"/></item>
<item name="BXOUT" rev="2">
<attrib name="value" value="192"/></item>
<item name="BY" rev="2">
<attrib name="value" value="5730"/></item>
<item name="CE" rev="2">
<attrib name="value" value="4808"/></item>
<item name="CIN" rev="2">
<attrib name="value" value="1781"/></item>
<item name="CLK" rev="2">
<attrib name="value" value="11072"/></item>
<item name="COUT" rev="2">
<attrib name="value" value="1784"/></item>
<item name="DX" rev="2">
<attrib name="value" value="3841"/></item>
<item name="DY" rev="2">
<attrib name="value" value="4486"/></item>
<item name="F1" rev="2">
<attrib name="value" value="10673"/></item>
<item name="F2" rev="2">
<attrib name="value" value="9639"/></item>
<item name="F3" rev="2">
<attrib name="value" value="8335"/></item>
<item name="F4" rev="2">
<attrib name="value" value="5780"/></item>
<item name="F5" rev="2">
<attrib name="value" value="360"/></item>
<item name="FX" rev="2">
<attrib name="value" value="66"/></item>
<item name="FXINA" rev="2">
<attrib name="value" value="213"/></item>
<item name="FXINB" rev="2">
<attrib name="value" value="213"/></item>
<item name="G1" rev="2">
<attrib name="value" value="11618"/></item>
<item name="G2" rev="2">
<attrib name="value" value="10918"/></item>
<item name="G3" rev="2">
<attrib name="value" value="9301"/></item>
<item name="G4" rev="2">
<attrib name="value" value="6315"/></item>
<item name="SLICEWE0" rev="2">
<attrib name="value" value="192"/></item>
<item name="SR" rev="2">
<attrib name="value" value="8818"/></item>
<item name="WF1" rev="2">
<attrib name="value" value="1176"/></item>
<item name="WF2" rev="2">
<attrib name="value" value="1176"/></item>
<item name="WF3" rev="2">
<attrib name="value" value="1176"/></item>
<item name="WF4" rev="2">
<attrib name="value" value="1176"/></item>
<item name="WG1" rev="2">
<attrib name="value" value="1188"/></item>
<item name="WG2" rev="2">
<attrib name="value" value="1188"/></item>
<item name="WG3" rev="2">
<attrib name="value" value="1188"/></item>
<item name="WG4" rev="2">
<attrib name="value" value="1188"/></item>
<item name="X" rev="2">
<attrib name="value" value="8990"/></item>
<item name="XB" rev="2">
<attrib name="value" value="119"/></item>
<item name="XQ" rev="2">
<attrib name="value" value="5943"/></item>
<item name="Y" rev="2">
<attrib name="value" value="9376"/></item>
<item name="YB" rev="2">
<attrib name="value" value="78"/></item>
<item name="YQ" rev="2">
<attrib name="value" value="8384"/></item>
</group>
<group name="SLICE_YBUSED">
<item name="0" rev="2">
<attrib name="value" value="78"/></item>
<item name="OUT" rev="2">
<attrib name="value" value="78"/></item>
</group>
<group name="SLICE_WSGEN">
<item name="CK" rev="2">
<attrib name="value" value="1527"/></item>
<item name="WE" rev="2">
<attrib name="value" value="1527"/></item>
<item name="WE0" rev="2">
<attrib name="value" value="192"/></item>
<item name="WSF" rev="2">
<attrib name="value" value="1413"/></item>
<item name="WSG" rev="2">
<attrib name="value" value="1527"/></item>
</group>
<group name="SLICE_F">
<item name="A1" rev="2">
<attrib name="value" value="10646"/></item>
<item name="A2" rev="2">
<attrib name="value" value="9638"/></item>
<item name="A3" rev="2">
<attrib name="value" value="8335"/></item>
<item name="A4" rev="2">
<attrib name="value" value="5780"/></item>
<item name="D" rev="2">
<attrib name="value" value="10345"/></item>
<item name="DI" rev="2">
<attrib name="value" value="1413"/></item>
<item name="WF1" rev="2">
<attrib name="value" value="1176"/></item>
<item name="WF2" rev="2">
<attrib name="value" value="1176"/></item>
<item name="WF3" rev="2">
<attrib name="value" value="1176"/></item>
<item name="WF4" rev="2">
<attrib name="value" value="1176"/></item>
<item name="WS" rev="2">
<attrib name="value" value="1413"/></item>
</group>
<group name="SLICE_G">
<item name="A1" rev="2">
<attrib name="value" value="11606"/></item>
<item name="A2" rev="2">
<attrib name="value" value="10918"/></item>
<item name="A3" rev="2">
<attrib name="value" value="9301"/></item>
<item name="A4" rev="2">
<attrib name="value" value="6315"/></item>
<item name="D" rev="2">
<attrib name="value" value="11168"/></item>
<item name="DI" rev="2">
<attrib name="value" value="1527"/></item>
<item name="WG1" rev="2">
<attrib name="value" value="1188"/></item>
<item name="WG2" rev="2">
<attrib name="value" value="1188"/></item>
<item name="WG3" rev="2">
<attrib name="value" value="1188"/></item>
<item name="WG4" rev="2">
<attrib name="value" value="1188"/></item>
<item name="WS" rev="2">
<attrib name="value" value="1527"/></item>
</group>
<group name="SLICE_C1VDD">
<item name="1" rev="2">
<attrib name="value" value="155"/></item>
</group>
<group name="IOB_PAD">
<item name="PAD" rev="2">
<attrib name="value" value="356"/></item>
</group>
<group name="IOB">
<item name="I" rev="2">
<attrib name="value" value="12"/></item>
<item name="ICLK1" rev="2">
<attrib name="value" value="219"/></item>
<item name="ICLK2" rev="2">
<attrib name="value" value="23"/></item>
<item name="IQ1" rev="2">
<attrib name="value" value="219"/></item>
<item name="IQ2" rev="2">
<attrib name="value" value="23"/></item>
<item name="O1" rev="2">
<attrib name="value" value="259"/></item>
<item name="O2" rev="2">
<attrib name="value" value="26"/></item>
<item name="OCE" rev="2">
<attrib name="value" value="40"/></item>
<item name="OTCLK1" rev="2">
<attrib name="value" value="247"/></item>
<item name="OTCLK2" rev="2">
<attrib name="value" value="26"/></item>
<item name="PAD" rev="2">
<attrib name="value" value="356"/></item>
<item name="REV" rev="2">
<attrib name="value" value="1"/></item>
<item name="SR" rev="2">
<attrib name="value" value="122"/></item>
<item name="T1" rev="2">
<attrib name="value" value="137"/></item>
</group>
<group name="DCM_DCM">
<item name="CLK0" rev="2">
<attrib name="value" value="6"/></item>
<item name="CLK90" rev="2">
<attrib name="value" value="1"/></item>
<item name="CLKFB" rev="2">
<attrib name="value" value="6"/></item>
<item name="CLKIN" rev="2">
<attrib name="value" value="6"/></item>
<item name="DSSEN" rev="2">
<attrib name="value" value="6"/></item>
<item name="LOCKED" rev="2">
<attrib name="value" value="1"/></item>
<item name="PSCLK" rev="2">
<attrib name="value" value="6"/></item>
<item name="PSEN" rev="2">
<attrib name="value" value="6"/></item>
<item name="PSINCDEC" rev="2">
<attrib name="value" value="6"/></item>
<item name="RST" rev="2">
<attrib name="value" value="6"/></item>
</group>
<group name="BUFGMUX">
<item name="I0" rev="2">
<attrib name="value" value="8"/></item>
<item name="I1" rev="2">
<attrib name="value" value="3"/></item>
<item name="O" rev="2">
<attrib name="value" value="8"/></item>
<item name="S" rev="2">
<attrib name="value" value="8"/></item>
</group>
<group name="SLICE_XORF">
<item name="0" rev="2">
<attrib name="value" value="1413"/></item>
<item name="1" rev="2">
<attrib name="value" value="1413"/></item>
<item name="O" rev="2">
<attrib name="value" value="1413"/></item>
</group>
<group name="SLICE_XORG">
<item name="0" rev="2">
<attrib name="value" value="1088"/></item>
<item name="1" rev="2">
<attrib name="value" value="1088"/></item>
<item name="O" rev="2">
<attrib name="value" value="1088"/></item>
</group>
<group name="SLICE_GAND">
<item name="0" rev="2">
<attrib name="value" value="1"/></item>
<item name="1" rev="2">
<attrib name="value" value="1"/></item>
<item name="O" rev="2">
<attrib name="value" value="1"/></item>
</group>
<group name="DCM">
<item name="CLK0" rev="2">
<attrib name="value" value="6"/></item>
<item name="CLK90" rev="2">
<attrib name="value" value="1"/></item>
<item name="CLKFB" rev="2">
<attrib name="value" value="6"/></item>
<item name="CLKIN" rev="2">
<attrib name="value" value="6"/></item>
<item name="DSSEN" rev="2">
<attrib name="value" value="6"/></item>
<item name="LOCKED" rev="2">
<attrib name="value" value="1"/></item>
<item name="PSCLK" rev="2">
<attrib name="value" value="6"/></item>
<item name="PSEN" rev="2">
<attrib name="value" value="6"/></item>
<item name="PSINCDEC" rev="2">
<attrib name="value" value="6"/></item>
<item name="RST" rev="2">
<attrib name="value" value="6"/></item>
</group>
<group name="RAMB16_RAMB16">
<item name="ADDRA" rev="2">
<attrib name="value" value="106"/></item>
<item name="ADDRB" rev="2">
<attrib name="value" value="106"/></item>
<item name="DIA" rev="2">
<attrib name="value" value="106"/></item>
<item name="DIB" rev="2">
<attrib name="value" value="106"/></item>
<item name="DOA" rev="2">
<attrib name="value" value="106"/></item>
<item name="DOB" rev="2">
<attrib name="value" value="106"/></item>
</group>
</ReportPinData>
<CmdHistory>
</CmdHistory>
</DeviceUsageSummary>
