<?xml version="1.0" encoding="UTF-8"?>
<nf:module xmlns:nf="http://www.NetFPGA.org/NF2_register_system" xmlns:xsi="http://www.w3.org/2001/XMLSchema-instance" xsi:schemaLocation="http://www.NetFPGA.org/NF2_register_system NF2_register_system.xsd ">

    <nf:name>pipeline</nf:name>
    <nf:prefix>pipeline</nf:prefix>
    <nf:location>udp</nf:location>
    <nf:description>Registers for the SoC pipeline wrapper (CPU + MMIO)</nf:description>
    <nf:blocksize>64</nf:blocksize>

    <nf:registers>

        <!-- ============================================================ -->
        <!-- SOFTWARE REGISTERS (host writes -> SoC inputs)               -->
        <!-- Total: 8 Registers                                           -->
        <!-- ============================================================ -->

        <!-- sw reg 0 -->
        <nf:register>
            <nf:name>sw_req_cmd</nf:name>
            <nf:description>Request command: [0] req_cmd</nf:description>
            <nf:type>generic_software32</nf:type>
        </nf:register>

        <!-- sw reg 1 -->
        <nf:register>
            <nf:name>sw_req_addr</nf:name>
            <nf:description>MMIO request address [31:0]</nf:description>
            <nf:type>generic_software32</nf:type>
        </nf:register>

        <!-- sw reg 2 -->
        <nf:register>
            <nf:name>sw_req_data_lo</nf:name>
            <nf:description>MMIO request data low word [31:0]</nf:description>
            <nf:type>generic_software32</nf:type>
        </nf:register>

        <!-- sw reg 3 -->
        <nf:register>
            <nf:name>sw_req_data_hi</nf:name>
            <nf:description>MMIO request data high word [63:32]</nf:description>
            <nf:type>generic_software32</nf:type>
        </nf:register>

        <!-- sw reg 4 -->
        <nf:register>
            <nf:name>sw_req_val</nf:name>
            <nf:description>Request valid: [0] req_val</nf:description>
            <nf:type>generic_software32</nf:type>
        </nf:register>

        <!-- sw reg 5 -->
        <nf:register>
            <nf:name>sw_resp_rdy</nf:name>
            <nf:description>Response ready handshake: [0] resp_rdy</nf:description>
            <nf:type>generic_software32</nf:type>
        </nf:register>

        <!-- sw reg 6 -->
        <nf:register>
            <nf:name>sw_cpu_start</nf:name>
            <nf:description>CPU start signal: [0] start</nf:description>
            <nf:type>generic_software32</nf:type>
        </nf:register>

        <!-- sw reg 7 -->
        <nf:register>
            <nf:name>sw_ila_debug_sel</nf:name>
            <nf:description>ILA debug probe selector: [4:0] sel</nf:description>
            <nf:type>generic_software32</nf:type>
        </nf:register>

        <!-- ============================================================ -->
        <!-- HARDWARE REGISTERS (SoC outputs -> host reads)               -->
        <!-- Total: 8 Registers                                           -->
        <!-- ============================================================ -->

        <!-- hw reg 0 -->
        <nf:register>
            <nf:name>hw_req_rdy</nf:name>
            <nf:description>Request ready: [0] req_rdy</nf:description>
            <nf:type>generic_hardware32</nf:type>
        </nf:register>

        <!-- hw reg 1 -->
        <nf:register>
            <nf:name>hw_resp_cmd</nf:name>
            <nf:description>Response command: [0] resp_cmd</nf:description>
            <nf:type>generic_hardware32</nf:type>
        </nf:register>

        <!-- hw reg 2 -->
        <nf:register>
            <nf:name>hw_resp_addr</nf:name>
            <nf:description>MMIO response address [31:0]</nf:description>
            <nf:type>generic_hardware32</nf:type>
        </nf:register>

        <!-- hw reg 3 -->
        <nf:register>
            <nf:name>hw_resp_data_lo</nf:name>
            <nf:description>MMIO response data low word [31:0]</nf:description>
            <nf:type>generic_hardware32</nf:type>
        </nf:register>

        <!-- hw reg 4 -->
        <nf:register>
            <nf:name>hw_resp_data_hi</nf:name>
            <nf:description>MMIO response data high word [63:32]</nf:description>
            <nf:type>generic_hardware32</nf:type>
        </nf:register>

        <!-- hw reg 5 -->
        <nf:register>
            <nf:name>hw_resp_val</nf:name>
            <nf:description>Response valid: [0] resp_val</nf:description>
            <nf:type>generic_hardware32</nf:type>
        </nf:register>

        <!-- hw reg 6 -->
        <nf:register>
            <nf:name>hw_ila_debug_lo</nf:name>
            <nf:description>ILA debug data low word [31:0]</nf:description>
            <nf:type>generic_hardware32</nf:type>
        </nf:register>

        <!-- hw reg 7 -->
        <nf:register>
            <nf:name>hw_ila_debug_hi</nf:name>
            <nf:description>ILA debug data high word [63:32]</nf:description>
            <nf:type>generic_hardware32</nf:type>
        </nf:register>

    </nf:registers>
</nf:module>