<?xml version="1.0" encoding="UTF-8"?>
<nf:module xmlns:nf="http://www.NetFPGA.org/NF2_register_system" xmlns:xsi="http://www.w3.org/2001/XMLSchema-instance" xsi:schemaLocation="http://www.NetFPGA.org/NF2_register_system NF2_register_system.xsd ">

    <nf:name>soc_netfpga</nf:name>
    <nf:prefix>soc_netfpga</nf:prefix>
    <nf:location>udp</nf:location>
    <nf:description>Registers for soc_netfpga module — direct soc wrapper with 1-to-1 register mapping (32-bit data paths, no hi/lo splits).</nf:description>
    <nf:blocksize>64</nf:blocksize>

    <nf:registers>

        <!-- ============================================================ -->
        <!-- SOFTWARE REGISTERS (Host -> FPGA, R/W)                       -->
        <!-- Total: 6 Registers                                           -->
        <!-- ============================================================ -->

        <!-- SW Reg 0 -->
        <nf:register>
            <nf:name>sw_req_cmd</nf:name>
            <nf:description>MMIO request command: [0] req_cmd (0=Read, 1=Write)</nf:description>
            <nf:type>generic_software32</nf:type>
        </nf:register>

        <!-- SW Reg 1 -->
        <nf:register>
            <nf:name>sw_req_addr</nf:name>
            <nf:description>MMIO request address [31:0]</nf:description>
            <nf:type>generic_software32</nf:type>
        </nf:register>

        <!-- SW Reg 2 -->
        <nf:register>
            <nf:name>sw_req_data</nf:name>
            <nf:description>MMIO request write data [31:0]</nf:description>
            <nf:type>generic_software32</nf:type>
        </nf:register>

        <!-- SW Reg 3 -->
        <nf:register>
            <nf:name>sw_req_val</nf:name>
            <nf:description>MMIO request valid: [0] req_val</nf:description>
            <nf:type>generic_software32</nf:type>
        </nf:register>

        <!-- SW Reg 4 -->
        <nf:register>
            <nf:name>sw_resp_rdy</nf:name>
            <nf:description>MMIO response ready (host accepts response): [0] resp_rdy</nf:description>
            <nf:type>generic_software32</nf:type>
        </nf:register>

        <!-- SW Reg 5 -->
        <nf:register>
            <nf:name>sw_cpu_start</nf:name>
            <nf:description>CPU external start signal (active high, level): [0] start</nf:description>
            <nf:type>generic_software32</nf:type>
        </nf:register>

        <!-- ============================================================ -->
        <!-- HARDWARE REGISTERS (FPGA -> Host, Read-Only)                 -->
        <!-- Total: 5 Registers                                           -->
        <!-- ============================================================ -->

        <!-- HW Reg 0 -->
        <nf:register>
            <nf:name>hw_req_rdy</nf:name>
            <nf:description>SoC ready to accept request: [0] req_rdy</nf:description>
            <nf:type>generic_hardware32</nf:type>
        </nf:register>

        <!-- HW Reg 1 -->
        <nf:register>
            <nf:name>hw_resp_cmd</nf:name>
            <nf:description>Response command echo: [0] resp_cmd (0=read resp, 1=write resp)</nf:description>
            <nf:type>generic_hardware32</nf:type>
        </nf:register>

        <!-- HW Reg 2 -->
        <nf:register>
            <nf:name>hw_resp_addr</nf:name>
            <nf:description>Response address echo [31:0]</nf:description>
            <nf:type>generic_hardware32</nf:type>
        </nf:register>

        <!-- HW Reg 3 -->
        <nf:register>
            <nf:name>hw_resp_data</nf:name>
            <nf:description>Response data [31:0]</nf:description>
            <nf:type>generic_hardware32</nf:type>
        </nf:register>

        <!-- HW Reg 4 -->
        <nf:register>
            <nf:name>hw_resp_val</nf:name>
            <nf:description>Response valid from SoC: [0] resp_val</nf:description>
            <nf:type>generic_hardware32</nf:type>
        </nf:register>


    </nf:registers>
</nf:module>
